timestamp,domain,resolution_mode,dns_server_ip,step,response_type,rtt_ms,total_time_ms,cache_status
2025-10-28 10:23:20,likeminded.ca,iterative,198.41.0.4,ROOT,REFERRAL,154.42,-,N/A
2025-10-28 10:23:20,likeminded.ca,iterative,45.142.220.101,TLD/AUTHORITATIVE,REFERRAL,185.67,-,N/A
2025-10-28 10:23:20,likeminded.ca,iterative,51.222.139.240,TLD/AUTHORITATIVE,ANSWER,266.19,606.86,N/A
2025-10-28 10:23:21,alltransport.ru,iterative,198.41.0.4,ROOT,REFERRAL,168.71,-,N/A
2025-10-28 10:23:21,alltransport.ru,iterative,193.232.128.6,TLD/AUTHORITATIVE,REFERRAL,235.13,-,N/A
2025-10-28 10:23:21,alltransport.ru,iterative,95.217.7.113,TLD/AUTHORITATIVE,ANSWER,269.41,673.68,N/A
2025-10-28 10:23:21,brown.edu,iterative,198.41.0.4,ROOT,REFERRAL,165.47,-,N/A
2025-10-28 10:23:21,brown.edu,iterative,192.31.80.30,TLD/AUTHORITATIVE,NO_RESPONSE,timeout,-,N/A
2025-10-28 10:23:21,brown.edu,iterative,192.33.14.30,TLD/AUTHORITATIVE,REFERRAL,277.39,-,N/A
2025-10-28 10:23:21,brown.edu,iterative,128.111.1.1,TLD/AUTHORITATIVE,ANSWER,308.78,3755.46,N/A
2025-10-28 10:23:25,fauzanalfi.com,iterative,198.41.0.4,ROOT,REFERRAL,168.33,-,N/A
2025-10-28 10:23:25,fauzanalfi.com,iterative,192.41.162.30,TLD/AUTHORITATIVE,REFERRAL,180.85,-,N/A
2025-10-28 10:23:25,fauzanalfi.com,iterative,172.64.52.210,TLD/AUTHORITATIVE,REFERRAL,150.43,-,N/A
2025-10-28 10:23:25,fauzanalfi.com,iterative,172.64.53.21,TLD/AUTHORITATIVE,REFERRAL,147.27,-,N/A
2025-10-28 10:23:25,fauzanalfi.com,iterative,172.64.49.209,TLD/AUTHORITATIVE,REFERRAL,157.46,-,N/A
2025-10-28 10:23:25,fauzanalfi.com,iterative,192.48.79.30,TLD/AUTHORITATIVE,REFERRAL,188.71,-,N/A
2025-10-28 10:23:25,fauzanalfi.com,iterative,192.54.112.30,TLD/AUTHORITATIVE,NO_RESPONSE,timeout,-,N/A
2025-10-28 10:23:25,fauzanalfi.com,iterative,192.31.80.30,TLD/AUTHORITATIVE,NO_RESPONSE,timeout,-,N/A
2025-10-28 10:23:25,fauzanalfi.com,iterative,192.33.14.30,TLD/AUTHORITATIVE,REFERRAL,278.70,-,N/A
2025-10-28 10:23:25,fauzanalfi.com,iterative,192.35.51.30,TLD/AUTHORITATIVE,REFERRAL,190.85,-,N/A
2025-10-28 10:23:25,fauzanalfi.com,iterative,170.247.170.2,ROOT,REFERRAL,286.10,-,N/A
2025-10-28 10:23:25,fauzanalfi.com,iterative,192.5.6.30,TLD/AUTHORITATIVE,REFERRAL,120.57,-,N/A
2025-10-28 10:23:25,fauzanalfi.com,iterative,192.26.92.30,TLD/AUTHORITATIVE,REFERRAL,182.98,-,N/A
2025-10-28 10:23:25,fauzanalfi.com,iterative,192.12.94.30,TLD/AUTHORITATIVE,REFERRAL,184.39,-,N/A
2025-10-28 10:23:25,fauzanalfi.com,iterative,192.42.93.30,TLD/AUTHORITATIVE,NO_RESPONSE,timeout,-,N/A
2025-10-28 10:23:25,fauzanalfi.com,iterative,192.33.4.12,ROOT,REFERRAL,135.80,-,N/A
2025-10-28 10:23:25,fauzanalfi.com,iterative,192.55.83.30,TLD/AUTHORITATIVE,REFERRAL,156.85,-,N/A
2025-10-28 10:23:25,fauzanalfi.com,iterative,192.52.178.30,TLD/AUTHORITATIVE,REFERRAL,178.34,-,N/A
2025-10-28 10:23:25,fauzanalfi.com,iterative,192.43.172.30,TLD/AUTHORITATIVE,REFERRAL,186.06,-,N/A
2025-10-28 10:23:25,fauzanalfi.com,iterative,199.7.91.13,ROOT,REFERRAL,47.97,-,N/A
2025-10-28 10:23:25,fauzanalfi.com,iterative,192.203.230.10,ROOT,REFERRAL,65.93,-,N/A
2025-10-28 10:23:25,fauzanalfi.com,iterative,192.5.5.241,ROOT,NO_RESPONSE,timeout,-,N/A
2025-10-28 10:23:25,fauzanalfi.com,iterative,192.112.36.4,ROOT,REFERRAL,168.65,-,N/A
2025-10-28 10:23:25,fauzanalfi.com,iterative,198.97.190.53,ROOT,REFERRAL,299.59,-,N/A
2025-10-28 10:23:25,fauzanalfi.com,iterative,192.36.148.17,ROOT,REFERRAL,80.92,-,N/A
2025-10-28 10:23:25,fauzanalfi.com,iterative,192.58.128.30,ROOT,NO_RESPONSE,timeout,-,N/A
2025-10-28 10:23:25,fauzanalfi.com,iterative,193.0.14.129,ROOT,REFERRAL,64.12,-,N/A
2025-10-28 10:23:25,fauzanalfi.com,iterative,199.7.83.42,ROOT,NO_RESPONSE,timeout,-,N/A
2025-10-28 10:23:25,fauzanalfi.com,iterative,202.12.27.33,ROOT,REFERRAL,185.25,-,N/A
2025-10-28 10:23:47,supreetsethi.net,iterative,198.41.0.4,ROOT,REFERRAL,172.44,-,N/A
2025-10-28 10:23:47,supreetsethi.net,iterative,192.55.83.30,TLD/AUTHORITATIVE,REFERRAL,160.75,-,N/A
2025-10-28 10:23:47,supreetsethi.net,iterative,192.52.178.30,TLD/AUTHORITATIVE,REFERRAL,174.29,-,N/A
2025-10-28 10:23:47,supreetsethi.net,iterative,192.33.14.30,TLD/AUTHORITATIVE,REFERRAL,277.74,-,N/A
2025-10-28 10:23:47,supreetsethi.net,iterative,192.35.51.30,TLD/AUTHORITATIVE,REFERRAL,190.91,-,N/A
2025-10-28 10:23:47,supreetsethi.net,iterative,192.31.80.30,TLD/AUTHORITATIVE,NO_RESPONSE,timeout,-,N/A
2025-10-28 10:23:47,supreetsethi.net,iterative,192.54.112.30,TLD/AUTHORITATIVE,NO_RESPONSE,timeout,-,N/A
2025-10-28 10:23:47,supreetsethi.net,iterative,170.247.170.2,ROOT,REFERRAL,279.28,-,N/A
2025-10-28 10:23:47,supreetsethi.net,iterative,192.5.6.30,TLD/AUTHORITATIVE,REFERRAL,45.93,-,N/A
2025-10-28 10:23:47,supreetsethi.net,iterative,192.26.92.30,TLD/AUTHORITATIVE,REFERRAL,181.53,-,N/A
2025-10-28 10:23:47,supreetsethi.net,iterative,192.12.94.30,TLD/AUTHORITATIVE,REFERRAL,189.94,-,N/A
2025-10-28 10:23:47,supreetsethi.net,iterative,192.42.93.30,TLD/AUTHORITATIVE,NO_RESPONSE,timeout,-,N/A
2025-10-28 10:23:47,supreetsethi.net,iterative,192.33.4.12,ROOT,REFERRAL,130.15,-,N/A
2025-10-28 10:23:47,supreetsethi.net,iterative,192.41.162.30,TLD/AUTHORITATIVE,REFERRAL,162.52,-,N/A
2025-10-28 10:23:47,supreetsethi.net,iterative,192.48.79.30,TLD/AUTHORITATIVE,REFERRAL,174.32,-,N/A
2025-10-28 10:23:47,supreetsethi.net,iterative,192.43.172.30,TLD/AUTHORITATIVE,REFERRAL,186.81,-,N/A
2025-10-28 10:23:47,supreetsethi.net,iterative,199.7.91.13,ROOT,REFERRAL,46.93,-,N/A
2025-10-28 10:23:47,supreetsethi.net,iterative,192.203.230.10,ROOT,REFERRAL,63.06,-,N/A
2025-10-28 10:23:47,supreetsethi.net,iterative,192.5.5.241,ROOT,NO_RESPONSE,timeout,-,N/A
2025-10-28 10:23:47,supreetsethi.net,iterative,192.112.36.4,ROOT,REFERRAL,156.32,-,N/A
2025-10-28 10:23:47,supreetsethi.net,iterative,198.97.190.53,ROOT,REFERRAL,300.05,-,N/A
2025-10-28 10:23:47,supreetsethi.net,iterative,192.36.148.17,ROOT,REFERRAL,64.58,-,N/A
2025-10-28 10:23:47,supreetsethi.net,iterative,192.58.128.30,ROOT,NO_RESPONSE,timeout,-,N/A
2025-10-28 10:23:47,supreetsethi.net,iterative,193.0.14.129,ROOT,REFERRAL,84.53,-,N/A
2025-10-28 10:23:47,supreetsethi.net,iterative,199.7.83.42,ROOT,NO_RESPONSE,timeout,-,N/A
2025-10-28 10:23:47,supreetsethi.net,iterative,202.12.27.33,ROOT,REFERRAL,217.39,-,N/A
2025-10-28 10:24:08,gucenmez.com,iterative,198.41.0.4,ROOT,REFERRAL,383.83,-,N/A
2025-10-28 10:24:08,gucenmez.com,iterative,192.41.162.30,TLD/AUTHORITATIVE,REFERRAL,238.73,-,N/A
2025-10-28 10:24:08,gucenmez.com,iterative,108.162.194.241,TLD/AUTHORITATIVE,ANSWER,94.19,717.19,N/A
2025-10-28 10:24:09,seedy.dk,iterative,198.41.0.4,ROOT,REFERRAL,301.04,-,N/A
2025-10-28 10:24:09,seedy.dk,iterative,193.163.102.222,TLD/AUTHORITATIVE,REFERRAL,178.89,-,N/A
2025-10-28 10:24:09,seedy.dk,iterative,91.197.248.78,TLD/AUTHORITATIVE,ANSWER,198.71,1308.48,N/A
2025-10-28 10:24:10,51cdngo.com,iterative,198.41.0.4,ROOT,REFERRAL,154.97,-,N/A
2025-10-28 10:24:10,51cdngo.com,iterative,192.41.162.30,TLD/AUTHORITATIVE,REFERRAL,169.23,-,N/A
2025-10-28 10:24:10,51cdngo.com,iterative,61.139.126.180,TLD/AUTHORITATIVE,REFERRAL,380.90,-,N/A
2025-10-28 10:24:10,51cdngo.com,iterative,192.48.79.30,TLD/AUTHORITATIVE,REFERRAL,169.50,-,N/A
2025-10-28 10:24:10,51cdngo.com,iterative,192.54.112.30,TLD/AUTHORITATIVE,NO_RESPONSE,timeout,-,N/A
2025-10-28 10:24:10,51cdngo.com,iterative,192.31.80.30,TLD/AUTHORITATIVE,NO_RESPONSE,timeout,-,N/A
2025-10-28 10:24:10,51cdngo.com,iterative,192.33.14.30,TLD/AUTHORITATIVE,REFERRAL,277.76,-,N/A
2025-10-28 10:24:10,51cdngo.com,iterative,192.35.51.30,TLD/AUTHORITATIVE,REFERRAL,187.01,-,N/A
2025-10-28 10:24:10,51cdngo.com,iterative,170.247.170.2,ROOT,REFERRAL,278.09,-,N/A
2025-10-28 10:24:10,51cdngo.com,iterative,192.5.6.30,TLD/AUTHORITATIVE,REFERRAL,112.26,-,N/A
2025-10-28 10:24:10,51cdngo.com,iterative,192.26.92.30,TLD/AUTHORITATIVE,REFERRAL,184.15,-,N/A
2025-10-28 10:24:10,51cdngo.com,iterative,192.12.94.30,TLD/AUTHORITATIVE,REFERRAL,191.88,-,N/A
2025-10-28 10:24:10,51cdngo.com,iterative,192.42.93.30,TLD/AUTHORITATIVE,NO_RESPONSE,timeout,-,N/A
2025-10-28 10:24:10,51cdngo.com,iterative,192.33.4.12,ROOT,REFERRAL,129.16,-,N/A
2025-10-28 10:24:10,51cdngo.com,iterative,192.55.83.30,TLD/AUTHORITATIVE,REFERRAL,159.49,-,N/A
2025-10-28 10:24:10,51cdngo.com,iterative,192.52.178.30,TLD/AUTHORITATIVE,REFERRAL,162.19,-,N/A
2025-10-28 10:24:10,51cdngo.com,iterative,192.43.172.30,TLD/AUTHORITATIVE,REFERRAL,184.05,-,N/A
2025-10-28 10:24:10,51cdngo.com,iterative,199.7.91.13,ROOT,REFERRAL,53.05,-,N/A
2025-10-28 10:24:10,51cdngo.com,iterative,192.203.230.10,ROOT,REFERRAL,71.38,-,N/A
2025-10-28 10:24:10,51cdngo.com,iterative,192.5.5.241,ROOT,NO_RESPONSE,timeout,-,N/A
2025-10-28 10:24:10,51cdngo.com,iterative,192.112.36.4,ROOT,REFERRAL,157.25,-,N/A
2025-10-28 10:24:10,51cdngo.com,iterative,198.97.190.53,ROOT,REFERRAL,296.32,-,N/A
2025-10-28 10:24:10,51cdngo.com,iterative,192.36.148.17,ROOT,REFERRAL,61.54,-,N/A
2025-10-28 10:24:10,51cdngo.com,iterative,192.58.128.30,ROOT,NO_RESPONSE,timeout,-,N/A
2025-10-28 10:24:10,51cdngo.com,iterative,193.0.14.129,ROOT,REFERRAL,79.82,-,N/A
2025-10-28 10:24:10,51cdngo.com,iterative,199.7.83.42,ROOT,NO_RESPONSE,timeout,-,N/A
2025-10-28 10:24:10,51cdngo.com,iterative,202.12.27.33,ROOT,REFERRAL,186.65,-,N/A
2025-10-28 10:24:39,simple-health-reports.com,iterative,198.41.0.4,ROOT,REFERRAL,171.97,-,N/A
2025-10-28 10:24:39,simple-health-reports.com,iterative,192.41.162.30,TLD/AUTHORITATIVE,REFERRAL,175.88,-,N/A
2025-10-28 10:24:39,simple-health-reports.com,iterative,192.48.79.30,TLD/AUTHORITATIVE,REFERRAL,160.73,-,N/A
2025-10-28 10:24:39,simple-health-reports.com,iterative,192.54.112.30,TLD/AUTHORITATIVE,NO_RESPONSE,timeout,-,N/A
2025-10-28 10:24:39,simple-health-reports.com,iterative,192.31.80.30,TLD/AUTHORITATIVE,NO_RESPONSE,timeout,-,N/A
2025-10-28 10:24:39,simple-health-reports.com,iterative,192.33.14.30,TLD/AUTHORITATIVE,REFERRAL,274.72,-,N/A
2025-10-28 10:24:39,simple-health-reports.com,iterative,192.35.51.30,TLD/AUTHORITATIVE,REFERRAL,310.10,-,N/A
2025-10-28 10:24:39,simple-health-reports.com,iterative,170.247.170.2,ROOT,REFERRAL,280.15,-,N/A
2025-10-28 10:24:39,simple-health-reports.com,iterative,192.5.6.30,TLD/AUTHORITATIVE,REFERRAL,117.59,-,N/A
2025-10-28 10:24:39,simple-health-reports.com,iterative,192.26.92.30,TLD/AUTHORITATIVE,REFERRAL,196.98,-,N/A
2025-10-28 10:24:39,simple-health-reports.com,iterative,192.12.94.30,TLD/AUTHORITATIVE,REFERRAL,281.76,-,N/A
2025-10-28 10:24:39,simple-health-reports.com,iterative,192.33.4.12,ROOT,REFERRAL,115.75,-,N/A
2025-10-28 10:24:39,simple-health-reports.com,iterative,192.55.83.30,TLD/AUTHORITATIVE,REFERRAL,201.13,-,N/A
2025-10-28 10:24:39,simple-health-reports.com,iterative,192.52.178.30,TLD/AUTHORITATIVE,REFERRAL,151.96,-,N/A
2025-10-28 10:24:39,simple-health-reports.com,iterative,192.43.172.30,TLD/AUTHORITATIVE,REFERRAL,178.93,-,N/A
2025-10-28 10:24:39,simple-health-reports.com,iterative,192.42.93.30,TLD/AUTHORITATIVE,NO_RESPONSE,timeout,-,N/A
2025-10-28 10:24:39,simple-health-reports.com,iterative,199.7.91.13,ROOT,REFERRAL,54.95,-,N/A
2025-10-28 10:24:39,simple-health-reports.com,iterative,192.203.230.10,ROOT,REFERRAL,70.39,-,N/A
2025-10-28 10:24:39,simple-health-reports.com,iterative,192.5.5.241,ROOT,NO_RESPONSE,timeout,-,N/A
2025-10-28 10:24:39,simple-health-reports.com,iterative,192.112.36.4,ROOT,REFERRAL,251.11,-,N/A
2025-10-28 10:24:39,simple-health-reports.com,iterative,198.97.190.53,ROOT,REFERRAL,300.06,-,N/A
2025-10-28 10:24:39,simple-health-reports.com,iterative,192.36.148.17,ROOT,REFERRAL,59.47,-,N/A
2025-10-28 10:24:39,simple-health-reports.com,iterative,192.58.128.30,ROOT,NO_RESPONSE,timeout,-,N/A
2025-10-28 10:24:39,simple-health-reports.com,iterative,193.0.14.129,ROOT,REFERRAL,82.70,-,N/A
2025-10-28 10:24:39,simple-health-reports.com,iterative,199.7.83.42,ROOT,NO_RESPONSE,timeout,-,N/A
2025-10-28 10:24:39,simple-health-reports.com,iterative,202.12.27.33,ROOT,REFERRAL,175.35,-,N/A
2025-10-28 10:25:01,hivelocitymedia.com,iterative,198.41.0.4,ROOT,REFERRAL,159.97,-,N/A
2025-10-28 10:25:01,hivelocitymedia.com,iterative,192.41.162.30,TLD/AUTHORITATIVE,REFERRAL,184.53,-,N/A
2025-10-28 10:25:01,hivelocitymedia.com,iterative,108.162.193.181,TLD/AUTHORITATIVE,ANSWER,73.88,418.82,N/A
2025-10-28 10:25:01,jabeye.org,iterative,198.41.0.4,ROOT,REFERRAL,156.68,-,N/A
2025-10-28 10:25:01,jabeye.org,iterative,199.249.112.1,TLD/AUTHORITATIVE,REFERRAL,111.29,-,N/A
2025-10-28 10:25:01,jabeye.org,iterative,162.159.26.14,TLD/AUTHORITATIVE,ANSWER,324.28,982.44,N/A
2025-10-28 10:25:02,ticketbis.com,iterative,198.41.0.4,ROOT,REFERRAL,159.46,-,N/A
2025-10-28 10:25:02,ticketbis.com,iterative,192.41.162.30,TLD/AUTHORITATIVE,REFERRAL,170.53,-,N/A
2025-10-28 10:25:02,ticketbis.com,iterative,149.112.160.1,TLD/AUTHORITATIVE,REFERRAL,100.42,-,N/A
2025-10-28 10:25:02,ticketbis.com,iterative,149.112.161.1,TLD/AUTHORITATIVE,REFERRAL,183.95,-,N/A
2025-10-28 10:25:02,ticketbis.com,iterative,192.174.68.1,TLD/AUTHORITATIVE,REFERRAL,50.59,-,N/A
2025-10-28 10:25:02,ticketbis.com,iterative,149.112.160.2,TLD/AUTHORITATIVE,REFERRAL,93.40,-,N/A
2025-10-28 10:25:02,ticketbis.com,iterative,176.97.158.3,TLD/AUTHORITATIVE,REFERRAL,63.62,-,N/A
2025-10-28 10:25:02,ticketbis.com,iterative,149.112.161.2,TLD/AUTHORITATIVE,REFERRAL,181.28,-,N/A
2025-10-28 10:25:02,ticketbis.com,iterative,176.97.158.1,TLD/AUTHORITATIVE,REFERRAL,73.73,-,N/A
2025-10-28 10:25:02,ticketbis.com,iterative,192.48.79.30,TLD/AUTHORITATIVE,REFERRAL,164.51,-,N/A
2025-10-28 10:25:02,ticketbis.com,iterative,192.54.112.30,TLD/AUTHORITATIVE,NO_RESPONSE,timeout,-,N/A
2025-10-28 10:25:02,ticketbis.com,iterative,192.31.80.30,TLD/AUTHORITATIVE,NO_RESPONSE,timeout,-,N/A
2025-10-28 10:25:02,ticketbis.com,iterative,192.33.14.30,TLD/AUTHORITATIVE,REFERRAL,274.43,-,N/A
2025-10-28 10:25:02,ticketbis.com,iterative,192.35.51.30,TLD/AUTHORITATIVE,REFERRAL,185.69,-,N/A
2025-10-28 10:25:02,ticketbis.com,iterative,170.247.170.2,ROOT,REFERRAL,273.64,-,N/A
2025-10-28 10:25:02,ticketbis.com,iterative,192.5.6.30,TLD/AUTHORITATIVE,REFERRAL,236.09,-,N/A
2025-10-28 10:25:02,ticketbis.com,iterative,192.26.92.30,TLD/AUTHORITATIVE,REFERRAL,182.99,-,N/A
2025-10-28 10:25:02,ticketbis.com,iterative,192.12.94.30,TLD/AUTHORITATIVE,REFERRAL,184.46,-,N/A
2025-10-28 10:25:02,ticketbis.com,iterative,192.42.93.30,TLD/AUTHORITATIVE,NO_RESPONSE,timeout,-,N/A
2025-10-28 10:25:02,ticketbis.com,iterative,192.33.4.12,ROOT,REFERRAL,118.42,-,N/A
2025-10-28 10:25:02,ticketbis.com,iterative,192.55.83.30,TLD/AUTHORITATIVE,REFERRAL,160.40,-,N/A
2025-10-28 10:25:02,ticketbis.com,iterative,192.52.178.30,TLD/AUTHORITATIVE,REFERRAL,178.89,-,N/A
2025-10-28 10:25:02,ticketbis.com,iterative,192.43.172.30,TLD/AUTHORITATIVE,REFERRAL,188.97,-,N/A
2025-10-28 10:25:02,ticketbis.com,iterative,199.7.91.13,ROOT,REFERRAL,59.03,-,N/A
2025-10-28 10:25:02,ticketbis.com,iterative,192.203.230.10,ROOT,REFERRAL,57.59,-,N/A
2025-10-28 10:25:02,ticketbis.com,iterative,192.5.5.241,ROOT,NO_RESPONSE,timeout,-,N/A
2025-10-28 10:25:02,ticketbis.com,iterative,192.112.36.4,ROOT,REFERRAL,174.95,-,N/A
2025-10-28 10:25:02,ticketbis.com,iterative,198.97.190.53,ROOT,REFERRAL,301.03,-,N/A
2025-10-28 10:25:02,ticketbis.com,iterative,192.36.148.17,ROOT,REFERRAL,91.18,-,N/A
2025-10-28 10:25:02,ticketbis.com,iterative,192.58.128.30,ROOT,NO_RESPONSE,timeout,-,N/A
2025-10-28 10:25:02,ticketbis.com,iterative,193.0.14.129,ROOT,REFERRAL,93.47,-,N/A
2025-10-28 10:25:02,ticketbis.com,iterative,199.7.83.42,ROOT,NO_RESPONSE,timeout,-,N/A
2025-10-28 10:25:02,ticketbis.com,iterative,202.12.27.33,ROOT,REFERRAL,186.91,-,N/A
2025-10-28 10:25:24,cellularfactory.com,iterative,198.41.0.4,ROOT,REFERRAL,172.78,-,N/A
2025-10-28 10:25:24,cellularfactory.com,iterative,192.41.162.30,TLD/AUTHORITATIVE,REFERRAL,158.92,-,N/A
2025-10-28 10:25:24,cellularfactory.com,iterative,162.159.26.132,TLD/AUTHORITATIVE,ANSWER,350.14,682.27,N/A
2025-10-28 10:25:25,tsksv.ru,iterative,198.41.0.4,ROOT,REFERRAL,193.94,-,N/A
2025-10-28 10:25:25,tsksv.ru,iterative,193.232.128.6,TLD/AUTHORITATIVE,REFERRAL,223.26,-,N/A
2025-10-28 10:25:25,tsksv.ru,iterative,85.193.93.85,TLD/AUTHORITATIVE,ANSWER,212.69,630.32,N/A
2025-10-28 10:25:26,gaybodyblog.com,iterative,198.41.0.4,ROOT,REFERRAL,173.06,-,N/A
2025-10-28 10:25:26,gaybodyblog.com,iterative,192.41.162.30,TLD/AUTHORITATIVE,REFERRAL,156.95,-,N/A
2025-10-28 10:25:26,gaybodyblog.com,iterative,108.162.193.132,TLD/AUTHORITATIVE,ANSWER,77.79,408.28,N/A
2025-10-28 10:25:26,datadikdki.net,iterative,198.41.0.4,ROOT,REFERRAL,153.36,-,N/A
2025-10-28 10:25:26,datadikdki.net,iterative,192.55.83.30,TLD/AUTHORITATIVE,REFERRAL,168.96,-,N/A
2025-10-28 10:25:26,datadikdki.net,iterative,108.162.194.2,TLD/AUTHORITATIVE,ANSWER,80.14,788.81,N/A
2025-10-28 10:25:27,mumphi.de,iterative,198.41.0.4,ROOT,REFERRAL,164.47,-,N/A
2025-10-28 10:25:27,mumphi.de,iterative,194.0.0.53,TLD/AUTHORITATIVE,REFERRAL,185.26,-,N/A
2025-10-28 10:25:27,mumphi.de,iterative,217.160.80.61,TLD/AUTHORITATIVE,ANSWER,180.10,1041.68,N/A
2025-10-28 10:25:28,brfone.com,iterative,198.41.0.4,ROOT,REFERRAL,162.86,-,N/A
2025-10-28 10:25:28,brfone.com,iterative,192.41.162.30,TLD/AUTHORITATIVE,REFERRAL,153.61,-,N/A
2025-10-28 10:25:28,brfone.com,iterative,3.85.83.108,TLD/AUTHORITATIVE,ANSWER,295.37,612.27,N/A
2025-10-28 10:25:28,newpages2u.com,iterative,198.41.0.4,ROOT,REFERRAL,160.99,-,N/A
2025-10-28 10:25:28,newpages2u.com,iterative,192.41.162.30,TLD/AUTHORITATIVE,REFERRAL,158.69,-,N/A
2025-10-28 10:25:28,newpages2u.com,iterative,110.74.174.131,TLD/AUTHORITATIVE,ANSWER,102.97,823.46,N/A
2025-10-28 10:25:29,bigjournalism.com,iterative,198.41.0.4,ROOT,REFERRAL,162.55,-,N/A
2025-10-28 10:25:29,bigjournalism.com,iterative,192.41.162.30,TLD/AUTHORITATIVE,REFERRAL,184.04,-,N/A
2025-10-28 10:25:29,bigjournalism.com,iterative,108.162.192.223,TLD/AUTHORITATIVE,ANSWER,76.55,423.57,N/A
2025-10-28 10:25:30,congsoxanh.com,iterative,198.41.0.4,ROOT,REFERRAL,158.37,-,N/A
2025-10-28 10:25:30,congsoxanh.com,iterative,192.41.162.30,TLD/AUTHORITATIVE,REFERRAL,160.66,-,N/A
2025-10-28 10:25:30,congsoxanh.com,iterative,108.162.194.40,TLD/AUTHORITATIVE,ANSWER,57.12,376.60,N/A
2025-10-28 10:25:30,visualtap.com,iterative,198.41.0.4,ROOT,REFERRAL,173.04,-,N/A
2025-10-28 10:25:30,visualtap.com,iterative,192.41.162.30,TLD/AUTHORITATIVE,REFERRAL,173.88,-,N/A
2025-10-28 10:25:30,visualtap.com,iterative,52.201.79.206,TLD/AUTHORITATIVE,ANSWER,290.88,638.19,N/A
2025-10-28 10:25:31,oberoncompany.com,iterative,198.41.0.4,ROOT,REFERRAL,161.28,-,N/A
2025-10-28 10:25:31,oberoncompany.com,iterative,192.41.162.30,TLD/AUTHORITATIVE,REFERRAL,155.27,-,N/A
2025-10-28 10:25:31,oberoncompany.com,iterative,108.162.193.106,TLD/AUTHORITATIVE,ANSWER,156.44,473.43,N/A
2025-10-28 10:25:31,consejodentistas.org,iterative,198.41.0.4,ROOT,REFERRAL,203.66,-,N/A
2025-10-28 10:25:31,consejodentistas.org,iterative,199.249.112.1,TLD/AUTHORITATIVE,REFERRAL,91.24,-,N/A
2025-10-28 10:25:31,consejodentistas.org,iterative,107.162.136.128,TLD/AUTHORITATIVE,ANSWER,103.06,845.56,N/A
2025-10-28 10:25:32,k-dsl.de,iterative,198.41.0.4,ROOT,REFERRAL,173.93,-,N/A
2025-10-28 10:25:32,k-dsl.de,iterative,194.0.0.53,TLD/AUTHORITATIVE,REFERRAL,182.17,-,N/A
2025-10-28 10:25:32,k-dsl.de,iterative,77.67.63.105,TLD/AUTHORITATIVE,REFERRAL,174.54,-,N/A
2025-10-28 10:25:32,k-dsl.de,iterative,195.243.137.26,TLD/AUTHORITATIVE,NO_RESPONSE,timeout,-,N/A
2025-10-28 10:25:32,k-dsl.de,iterative,81.91.164.5,TLD/AUTHORITATIVE,REFERRAL,223.36,-,N/A
2025-10-28 10:25:32,k-dsl.de,iterative,194.246.96.1,TLD/AUTHORITATIVE,REFERRAL,179.82,-,N/A
2025-10-28 10:25:32,k-dsl.de,iterative,194.146.107.6,TLD/AUTHORITATIVE,REFERRAL,172.01,-,N/A
2025-10-28 10:25:32,k-dsl.de,iterative,170.247.170.2,ROOT,REFERRAL,276.78,-,N/A
2025-10-28 10:25:32,k-dsl.de,iterative,192.33.4.12,ROOT,REFERRAL,102.91,-,N/A
2025-10-28 10:25:32,k-dsl.de,iterative,199.7.91.13,ROOT,REFERRAL,55.70,-,N/A
2025-10-28 10:25:32,k-dsl.de,iterative,192.203.230.10,ROOT,REFERRAL,74.09,-,N/A
2025-10-28 10:25:32,k-dsl.de,iterative,192.5.5.241,ROOT,NO_RESPONSE,timeout,-,N/A
2025-10-28 10:25:32,k-dsl.de,iterative,192.112.36.4,ROOT,REFERRAL,167.35,-,N/A
2025-10-28 10:25:32,k-dsl.de,iterative,198.97.190.53,ROOT,REFERRAL,300.62,-,N/A
2025-10-28 10:25:32,k-dsl.de,iterative,192.36.148.17,ROOT,REFERRAL,89.32,-,N/A
2025-10-28 10:25:32,k-dsl.de,iterative,192.58.128.30,ROOT,NO_RESPONSE,timeout,-,N/A
2025-10-28 10:25:32,k-dsl.de,iterative,193.0.14.129,ROOT,REFERRAL,64.24,-,N/A
2025-10-28 10:25:32,k-dsl.de,iterative,199.7.83.42,ROOT,NO_RESPONSE,timeout,-,N/A
2025-10-28 10:25:32,k-dsl.de,iterative,202.12.27.33,ROOT,REFERRAL,176.84,-,N/A
2025-10-28 10:25:46,asip.es,iterative,198.41.0.4,ROOT,REFERRAL,179.23,-,N/A
2025-10-28 10:25:46,asip.es,iterative,194.69.254.1,TLD/AUTHORITATIVE,REFERRAL,195.18,-,N/A
2025-10-28 10:25:46,asip.es,iterative,204.61.217.1,TLD/AUTHORITATIVE,REFERRAL,59.66,-,N/A
2025-10-28 10:25:46,asip.es,iterative,194.0.34.53,TLD/AUTHORITATIVE,REFERRAL,99.26,-,N/A
2025-10-28 10:25:46,asip.es,iterative,194.0.33.53,TLD/AUTHORITATIVE,REFERRAL,172.24,-,N/A
2025-10-28 10:25:46,asip.es,iterative,170.247.170.2,ROOT,REFERRAL,272.66,-,N/A
2025-10-28 10:25:46,asip.es,iterative,192.33.4.12,ROOT,REFERRAL,125.13,-,N/A
2025-10-28 10:25:46,asip.es,iterative,199.7.91.13,ROOT,REFERRAL,49.22,-,N/A
2025-10-28 10:25:46,asip.es,iterative,192.203.230.10,ROOT,REFERRAL,52.73,-,N/A
2025-10-28 10:25:46,asip.es,iterative,192.5.5.241,ROOT,NO_RESPONSE,timeout,-,N/A
2025-10-28 10:25:46,asip.es,iterative,192.112.36.4,ROOT,REFERRAL,176.73,-,N/A
2025-10-28 10:25:46,asip.es,iterative,198.97.190.53,ROOT,REFERRAL,299.44,-,N/A
2025-10-28 10:25:46,asip.es,iterative,192.36.148.17,ROOT,REFERRAL,48.01,-,N/A
2025-10-28 10:25:46,asip.es,iterative,192.58.128.30,ROOT,NO_RESPONSE,timeout,-,N/A
2025-10-28 10:25:46,asip.es,iterative,193.0.14.129,ROOT,REFERRAL,62.28,-,N/A
2025-10-28 10:25:46,asip.es,iterative,199.7.83.42,ROOT,NO_RESPONSE,timeout,-,N/A
2025-10-28 10:25:46,asip.es,iterative,202.12.27.33,ROOT,REFERRAL,182.04,-,N/A
2025-10-28 10:25:57,androgyn.org,iterative,198.41.0.4,ROOT,REFERRAL,162.42,-,N/A
2025-10-28 10:25:57,androgyn.org,iterative,199.249.112.1,TLD/AUTHORITATIVE,REFERRAL,91.42,-,N/A
2025-10-28 10:25:57,androgyn.org,iterative,217.160.83.118,TLD/AUTHORITATIVE,ANSWER,165.38,419.65,N/A
2025-10-28 10:25:58,panaceadream.com,iterative,198.41.0.4,ROOT,REFERRAL,173.34,-,N/A
2025-10-28 10:25:58,panaceadream.com,iterative,192.41.162.30,TLD/AUTHORITATIVE,REFERRAL,170.89,-,N/A
2025-10-28 10:25:58,panaceadream.com,iterative,192.48.79.30,TLD/AUTHORITATIVE,REFERRAL,169.64,-,N/A
2025-10-28 10:25:58,panaceadream.com,iterative,192.54.112.30,TLD/AUTHORITATIVE,NO_RESPONSE,timeout,-,N/A
2025-10-28 10:25:58,panaceadream.com,iterative,192.31.80.30,TLD/AUTHORITATIVE,NO_RESPONSE,timeout,-,N/A
2025-10-28 10:25:58,panaceadream.com,iterative,192.33.14.30,TLD/AUTHORITATIVE,REFERRAL,279.16,-,N/A
2025-10-28 10:25:58,panaceadream.com,iterative,192.35.51.30,TLD/AUTHORITATIVE,REFERRAL,179.18,-,N/A
2025-10-28 10:25:58,panaceadream.com,iterative,170.247.170.2,ROOT,REFERRAL,276.07,-,N/A
2025-10-28 10:25:58,panaceadream.com,iterative,192.5.6.30,TLD/AUTHORITATIVE,REFERRAL,155.43,-,N/A
2025-10-28 10:25:58,panaceadream.com,iterative,192.26.92.30,TLD/AUTHORITATIVE,REFERRAL,180.94,-,N/A
2025-10-28 10:25:58,panaceadream.com,iterative,192.12.94.30,TLD/AUTHORITATIVE,REFERRAL,175.84,-,N/A
2025-10-28 10:25:58,panaceadream.com,iterative,192.42.93.30,TLD/AUTHORITATIVE,NO_RESPONSE,timeout,-,N/A
2025-10-28 10:25:58,panaceadream.com,iterative,192.33.4.12,ROOT,REFERRAL,101.42,-,N/A
2025-10-28 10:25:58,panaceadream.com,iterative,192.55.83.30,TLD/AUTHORITATIVE,REFERRAL,161.38,-,N/A
2025-10-28 10:25:58,panaceadream.com,iterative,192.52.178.30,TLD/AUTHORITATIVE,REFERRAL,165.22,-,N/A
2025-10-28 10:25:58,panaceadream.com,iterative,192.43.172.30,TLD/AUTHORITATIVE,REFERRAL,180.49,-,N/A
2025-10-28 10:25:58,panaceadream.com,iterative,199.7.91.13,ROOT,REFERRAL,51.42,-,N/A
2025-10-28 10:25:58,panaceadream.com,iterative,192.203.230.10,ROOT,REFERRAL,58.36,-,N/A
2025-10-28 10:25:58,panaceadream.com,iterative,192.5.5.241,ROOT,NO_RESPONSE,timeout,-,N/A
2025-10-28 10:25:58,panaceadream.com,iterative,192.112.36.4,ROOT,REFERRAL,190.96,-,N/A
2025-10-28 10:25:58,panaceadream.com,iterative,198.97.190.53,ROOT,REFERRAL,304.25,-,N/A
2025-10-28 10:25:58,panaceadream.com,iterative,192.36.148.17,ROOT,REFERRAL,77.53,-,N/A
2025-10-28 10:25:58,panaceadream.com,iterative,192.58.128.30,ROOT,NO_RESPONSE,timeout,-,N/A
2025-10-28 10:25:58,panaceadream.com,iterative,193.0.14.129,ROOT,REFERRAL,64.67,-,N/A
2025-10-28 10:25:58,panaceadream.com,iterative,199.7.83.42,ROOT,NO_RESPONSE,timeout,-,N/A
2025-10-28 10:25:58,panaceadream.com,iterative,202.12.27.33,ROOT,REFERRAL,181.02,-,N/A
2025-10-28 10:26:19,hotel.ch,iterative,198.41.0.4,ROOT,REFERRAL,154.94,-,N/A
2025-10-28 10:26:19,hotel.ch,iterative,130.59.31.43,TLD/AUTHORITATIVE,REFERRAL,173.41,-,N/A
2025-10-28 10:26:19,hotel.ch,iterative,173.245.59.101,TLD/AUTHORITATIVE,ANSWER,79.13,795.27,N/A
2025-10-28 10:26:20,c3budiman.tk,iterative,198.41.0.4,ROOT,REFERRAL,155.47,-,N/A
2025-10-28 10:26:20,c3budiman.tk,iterative,194.0.39.1,TLD/AUTHORITATIVE,REFERRAL,179.63,-,N/A
2025-10-28 10:26:20,c3budiman.tk,iterative,194.0.41.1,TLD/AUTHORITATIVE,REFERRAL,205.28,-,N/A
2025-10-28 10:26:20,c3budiman.tk,iterative,194.0.38.1,TLD/AUTHORITATIVE,REFERRAL,186.24,-,N/A
2025-10-28 10:26:20,c3budiman.tk,iterative,194.0.40.1,TLD/AUTHORITATIVE,REFERRAL,184.74,-,N/A
2025-10-28 10:26:20,c3budiman.tk,iterative,170.247.170.2,ROOT,REFERRAL,281.65,-,N/A
2025-10-28 10:26:20,c3budiman.tk,iterative,192.33.4.12,ROOT,REFERRAL,165.66,-,N/A
2025-10-28 10:26:20,c3budiman.tk,iterative,199.7.91.13,ROOT,REFERRAL,45.23,-,N/A
2025-10-28 10:26:20,c3budiman.tk,iterative,192.203.230.10,ROOT,REFERRAL,73.92,-,N/A
2025-10-28 10:26:20,c3budiman.tk,iterative,192.5.5.241,ROOT,NO_RESPONSE,timeout,-,N/A
2025-10-28 10:26:20,c3budiman.tk,iterative,192.112.36.4,ROOT,REFERRAL,169.16,-,N/A
2025-10-28 10:26:20,c3budiman.tk,iterative,198.97.190.53,ROOT,REFERRAL,296.47,-,N/A
2025-10-28 10:26:20,c3budiman.tk,iterative,192.36.148.17,ROOT,REFERRAL,78.04,-,N/A
2025-10-28 10:26:20,c3budiman.tk,iterative,192.58.128.30,ROOT,NO_RESPONSE,timeout,-,N/A
2025-10-28 10:26:20,c3budiman.tk,iterative,193.0.14.129,ROOT,REFERRAL,61.39,-,N/A
2025-10-28 10:26:20,c3budiman.tk,iterative,199.7.83.42,ROOT,NO_RESPONSE,timeout,-,N/A
2025-10-28 10:26:20,c3budiman.tk,iterative,202.12.27.33,ROOT,REFERRAL,182.26,-,N/A
2025-10-28 10:26:31,obtscan.com,iterative,198.41.0.4,ROOT,REFERRAL,159.06,-,N/A
2025-10-28 10:26:31,obtscan.com,iterative,192.41.162.30,TLD/AUTHORITATIVE,REFERRAL,161.36,-,N/A
2025-10-28 10:26:31,obtscan.com,iterative,192.48.79.30,TLD/AUTHORITATIVE,REFERRAL,172.28,-,N/A
2025-10-28 10:26:31,obtscan.com,iterative,192.54.112.30,TLD/AUTHORITATIVE,NO_RESPONSE,timeout,-,N/A
2025-10-28 10:26:31,obtscan.com,iterative,192.31.80.30,TLD/AUTHORITATIVE,NO_RESPONSE,timeout,-,N/A
2025-10-28 10:26:31,obtscan.com,iterative,192.33.14.30,TLD/AUTHORITATIVE,REFERRAL,278.59,-,N/A
2025-10-28 10:26:31,obtscan.com,iterative,192.35.51.30,TLD/AUTHORITATIVE,REFERRAL,176.58,-,N/A
2025-10-28 10:26:31,obtscan.com,iterative,170.247.170.2,ROOT,REFERRAL,273.15,-,N/A
2025-10-28 10:26:31,obtscan.com,iterative,192.5.6.30,TLD/AUTHORITATIVE,REFERRAL,133.81,-,N/A
2025-10-28 10:26:31,obtscan.com,iterative,192.26.92.30,TLD/AUTHORITATIVE,REFERRAL,182.22,-,N/A
2025-10-28 10:26:31,obtscan.com,iterative,192.12.94.30,TLD/AUTHORITATIVE,REFERRAL,188.02,-,N/A
2025-10-28 10:26:31,obtscan.com,iterative,192.42.93.30,TLD/AUTHORITATIVE,NO_RESPONSE,timeout,-,N/A
2025-10-28 10:26:31,obtscan.com,iterative,192.33.4.12,ROOT,REFERRAL,104.76,-,N/A
2025-10-28 10:26:31,obtscan.com,iterative,192.55.83.30,TLD/AUTHORITATIVE,REFERRAL,173.41,-,N/A
2025-10-28 10:26:31,obtscan.com,iterative,192.52.178.30,TLD/AUTHORITATIVE,REFERRAL,208.83,-,N/A
2025-10-28 10:26:31,obtscan.com,iterative,192.43.172.30,TLD/AUTHORITATIVE,REFERRAL,186.75,-,N/A
2025-10-28 10:26:31,obtscan.com,iterative,199.7.91.13,ROOT,REFERRAL,48.94,-,N/A
2025-10-28 10:26:31,obtscan.com,iterative,192.203.230.10,ROOT,REFERRAL,67.36,-,N/A
2025-10-28 10:26:31,obtscan.com,iterative,192.5.5.241,ROOT,NO_RESPONSE,timeout,-,N/A
2025-10-28 10:26:31,obtscan.com,iterative,192.112.36.4,ROOT,REFERRAL,155.28,-,N/A
2025-10-28 10:26:31,obtscan.com,iterative,198.97.190.53,ROOT,REFERRAL,307.63,-,N/A
2025-10-28 10:26:31,obtscan.com,iterative,192.36.148.17,ROOT,REFERRAL,63.22,-,N/A
2025-10-28 10:26:31,obtscan.com,iterative,192.58.128.30,ROOT,NO_RESPONSE,timeout,-,N/A
2025-10-28 10:26:31,obtscan.com,iterative,193.0.14.129,ROOT,REFERRAL,64.92,-,N/A
2025-10-28 10:26:31,obtscan.com,iterative,199.7.83.42,ROOT,NO_RESPONSE,timeout,-,N/A
2025-10-28 10:26:31,obtscan.com,iterative,202.12.27.33,ROOT,REFERRAL,177.83,-,N/A
2025-10-28 10:26:53,phoenix-music.ru,iterative,198.41.0.4,ROOT,REFERRAL,157.71,-,N/A
2025-10-28 10:26:53,phoenix-music.ru,iterative,193.232.128.6,TLD/AUTHORITATIVE,REFERRAL,226.08,-,N/A
2025-10-28 10:26:53,phoenix-music.ru,iterative,194.190.124.17,TLD/AUTHORITATIVE,REFERRAL,272.98,-,N/A
2025-10-28 10:26:53,phoenix-music.ru,iterative,193.232.156.17,TLD/AUTHORITATIVE,REFERRAL,321.47,-,N/A
2025-10-28 10:26:53,phoenix-music.ru,iterative,194.85.252.62,TLD/AUTHORITATIVE,REFERRAL,232.82,-,N/A
2025-10-28 10:26:53,phoenix-music.ru,iterative,193.232.142.17,TLD/AUTHORITATIVE,REFERRAL,215.22,-,N/A
2025-10-28 10:26:53,phoenix-music.ru,iterative,170.247.170.2,ROOT,REFERRAL,281.34,-,N/A
2025-10-28 10:26:53,phoenix-music.ru,iterative,192.33.4.12,ROOT,REFERRAL,137.14,-,N/A
2025-10-28 10:26:53,phoenix-music.ru,iterative,199.7.91.13,ROOT,REFERRAL,50.72,-,N/A
2025-10-28 10:26:53,phoenix-music.ru,iterative,192.203.230.10,ROOT,REFERRAL,78.88,-,N/A
2025-10-28 10:26:53,phoenix-music.ru,iterative,192.5.5.241,ROOT,NO_RESPONSE,timeout,-,N/A
2025-10-28 10:26:53,phoenix-music.ru,iterative,192.112.36.4,ROOT,REFERRAL,167.52,-,N/A
2025-10-28 10:26:53,phoenix-music.ru,iterative,198.97.190.53,ROOT,REFERRAL,303.41,-,N/A
2025-10-28 10:26:53,phoenix-music.ru,iterative,192.36.148.17,ROOT,REFERRAL,45.97,-,N/A
2025-10-28 10:26:53,phoenix-music.ru,iterative,192.58.128.30,ROOT,NO_RESPONSE,timeout,-,N/A
2025-10-28 10:26:53,phoenix-music.ru,iterative,193.0.14.129,ROOT,REFERRAL,79.66,-,N/A
2025-10-28 10:26:53,phoenix-music.ru,iterative,199.7.83.42,ROOT,NO_RESPONSE,timeout,-,N/A
2025-10-28 10:26:53,phoenix-music.ru,iterative,202.12.27.33,ROOT,REFERRAL,179.96,-,N/A
2025-10-28 10:27:04,motiie.com,iterative,198.41.0.4,ROOT,REFERRAL,160.79,-,N/A
2025-10-28 10:27:04,motiie.com,iterative,192.41.162.30,TLD/AUTHORITATIVE,REFERRAL,157.89,-,N/A
2025-10-28 10:27:04,motiie.com,iterative,192.48.79.30,TLD/AUTHORITATIVE,REFERRAL,173.53,-,N/A
2025-10-28 10:27:04,motiie.com,iterative,192.54.112.30,TLD/AUTHORITATIVE,NO_RESPONSE,timeout,-,N/A
2025-10-28 10:27:04,motiie.com,iterative,192.31.80.30,TLD/AUTHORITATIVE,NO_RESPONSE,timeout,-,N/A
2025-10-28 10:27:04,motiie.com,iterative,192.33.14.30,TLD/AUTHORITATIVE,REFERRAL,282.35,-,N/A
2025-10-28 10:27:04,motiie.com,iterative,192.35.51.30,TLD/AUTHORITATIVE,REFERRAL,178.27,-,N/A
2025-10-28 10:27:04,motiie.com,iterative,170.247.170.2,ROOT,REFERRAL,274.12,-,N/A
2025-10-28 10:27:04,motiie.com,iterative,192.5.6.30,TLD/AUTHORITATIVE,REFERRAL,99.31,-,N/A
2025-10-28 10:27:04,motiie.com,iterative,192.26.92.30,TLD/AUTHORITATIVE,REFERRAL,182.39,-,N/A
2025-10-28 10:27:04,motiie.com,iterative,192.12.94.30,TLD/AUTHORITATIVE,REFERRAL,188.45,-,N/A
2025-10-28 10:27:04,motiie.com,iterative,192.42.93.30,TLD/AUTHORITATIVE,NO_RESPONSE,timeout,-,N/A
2025-10-28 10:27:04,motiie.com,iterative,192.33.4.12,ROOT,REFERRAL,104.77,-,N/A
2025-10-28 10:27:04,motiie.com,iterative,192.55.83.30,TLD/AUTHORITATIVE,REFERRAL,153.01,-,N/A
2025-10-28 10:27:04,motiie.com,iterative,192.52.178.30,TLD/AUTHORITATIVE,REFERRAL,170.99,-,N/A
2025-10-28 10:27:04,motiie.com,iterative,192.43.172.30,TLD/AUTHORITATIVE,REFERRAL,178.53,-,N/A
2025-10-28 10:27:04,motiie.com,iterative,199.7.91.13,ROOT,REFERRAL,52.38,-,N/A
2025-10-28 10:27:04,motiie.com,iterative,192.203.230.10,ROOT,REFERRAL,69.11,-,N/A
2025-10-28 10:27:04,motiie.com,iterative,192.5.5.241,ROOT,NO_RESPONSE,timeout,-,N/A
2025-10-28 10:27:04,motiie.com,iterative,192.112.36.4,ROOT,REFERRAL,161.15,-,N/A
2025-10-28 10:27:04,motiie.com,iterative,198.97.190.53,ROOT,REFERRAL,305.60,-,N/A
2025-10-28 10:27:04,motiie.com,iterative,192.36.148.17,ROOT,REFERRAL,60.61,-,N/A
2025-10-28 10:27:04,motiie.com,iterative,192.58.128.30,ROOT,NO_RESPONSE,timeout,-,N/A
2025-10-28 10:27:04,motiie.com,iterative,193.0.14.129,ROOT,REFERRAL,80.35,-,N/A
2025-10-28 10:27:04,motiie.com,iterative,199.7.83.42,ROOT,NO_RESPONSE,timeout,-,N/A
2025-10-28 10:27:04,motiie.com,iterative,202.12.27.33,ROOT,REFERRAL,181.51,-,N/A
2025-10-28 10:27:26,cncdesign.co.kr,iterative,198.41.0.4,ROOT,REFERRAL,170.46,-,N/A
2025-10-28 10:27:26,cncdesign.co.kr,iterative,210.101.61.1,TLD/AUTHORITATIVE,REFERRAL,277.50,-,N/A
2025-10-28 10:27:26,cncdesign.co.kr,iterative,175.126.62.41,TLD/AUTHORITATIVE,ANSWER,193.17,22572.28,N/A
2025-10-28 10:27:48,udoo24.com,iterative,198.41.0.4,ROOT,REFERRAL,154.93,-,N/A
2025-10-28 10:27:48,udoo24.com,iterative,192.41.162.30,TLD/AUTHORITATIVE,REFERRAL,165.17,-,N/A
2025-10-28 10:27:48,udoo24.com,iterative,162.159.24.201,TLD/AUTHORITATIVE,ANSWER,57.14,377.78,N/A
2025-10-28 10:27:49,ljyelectronic.com,iterative,198.41.0.4,ROOT,REFERRAL,180.97,-,N/A
2025-10-28 10:27:49,ljyelectronic.com,iterative,192.41.162.30,TLD/AUTHORITATIVE,REFERRAL,154.94,-,N/A
2025-10-28 10:27:49,ljyelectronic.com,iterative,8.217.248.85,TLD/AUTHORITATIVE,ANSWER,127.96,464.38,N/A
2025-10-28 10:27:49,bek.ir,iterative,198.41.0.4,ROOT,REFERRAL,155.62,-,N/A
2025-10-28 10:27:49,bek.ir,iterative,193.189.123.2,TLD/AUTHORITATIVE,REFERRAL,252.64,-,N/A
2025-10-28 10:27:49,bek.ir,iterative,45.93.171.206,TLD/AUTHORITATIVE,REFERRAL,179.26,-,N/A
2025-10-28 10:27:49,bek.ir,iterative,193.189.122.83,TLD/AUTHORITATIVE,REFERRAL,329.37,-,N/A
2025-10-28 10:27:49,bek.ir,iterative,194.225.70.83,TLD/AUTHORITATIVE,REFERRAL,347.07,-,N/A
2025-10-28 10:27:49,bek.ir,iterative,170.247.170.2,ROOT,REFERRAL,278.47,-,N/A
2025-10-28 10:27:49,bek.ir,iterative,192.33.4.12,ROOT,REFERRAL,142.27,-,N/A
2025-10-28 10:27:49,bek.ir,iterative,199.7.91.13,ROOT,REFERRAL,56.36,-,N/A
2025-10-28 10:27:49,bek.ir,iterative,192.203.230.10,ROOT,REFERRAL,59.24,-,N/A
2025-10-28 10:27:49,bek.ir,iterative,192.5.5.241,ROOT,NO_RESPONSE,timeout,-,N/A
2025-10-28 10:27:49,bek.ir,iterative,192.112.36.4,ROOT,REFERRAL,299.28,-,N/A
2025-10-28 10:27:49,bek.ir,iterative,198.97.190.53,ROOT,REFERRAL,331.89,-,N/A
2025-10-28 10:27:49,bek.ir,iterative,192.36.148.17,ROOT,REFERRAL,95.23,-,N/A
2025-10-28 10:27:49,bek.ir,iterative,192.58.128.30,ROOT,NO_RESPONSE,timeout,-,N/A
2025-10-28 10:27:49,bek.ir,iterative,193.0.14.129,ROOT,REFERRAL,72.65,-,N/A
2025-10-28 10:27:49,bek.ir,iterative,199.7.83.42,ROOT,NO_RESPONSE,timeout,-,N/A
2025-10-28 10:27:49,bek.ir,iterative,202.12.27.33,ROOT,REFERRAL,189.01,-,N/A
2025-10-28 10:28:01,valerievandenbroek.nl,iterative,198.41.0.4,ROOT,REFERRAL,174.19,-,N/A
2025-10-28 10:28:01,valerievandenbroek.nl,iterative,194.0.25.24,TLD/AUTHORITATIVE,REFERRAL,52.95,-,N/A
2025-10-28 10:28:01,valerievandenbroek.nl,iterative,194.0.28.53,TLD/AUTHORITATIVE,REFERRAL,187.22,-,N/A
2025-10-28 10:28:01,valerievandenbroek.nl,iterative,185.159.199.200,TLD/AUTHORITATIVE,REFERRAL,109.08,-,N/A
2025-10-28 10:28:01,valerievandenbroek.nl,iterative,170.247.170.2,ROOT,REFERRAL,290.29,-,N/A
2025-10-28 10:28:01,valerievandenbroek.nl,iterative,192.33.4.12,ROOT,REFERRAL,116.21,-,N/A
2025-10-28 10:28:01,valerievandenbroek.nl,iterative,199.7.91.13,ROOT,REFERRAL,66.21,-,N/A
2025-10-28 10:28:01,valerievandenbroek.nl,iterative,192.203.230.10,ROOT,REFERRAL,68.03,-,N/A
2025-10-28 10:28:01,valerievandenbroek.nl,iterative,192.5.5.241,ROOT,NO_RESPONSE,timeout,-,N/A
2025-10-28 10:28:01,valerievandenbroek.nl,iterative,192.112.36.4,ROOT,REFERRAL,181.51,-,N/A
2025-10-28 10:28:01,valerievandenbroek.nl,iterative,198.97.190.53,ROOT,REFERRAL,337.76,-,N/A
2025-10-28 10:28:01,valerievandenbroek.nl,iterative,192.36.148.17,ROOT,REFERRAL,82.33,-,N/A
2025-10-28 10:28:01,valerievandenbroek.nl,iterative,192.58.128.30,ROOT,NO_RESPONSE,timeout,-,N/A
2025-10-28 10:28:01,valerievandenbroek.nl,iterative,193.0.14.129,ROOT,REFERRAL,64.53,-,N/A
2025-10-28 10:28:01,valerievandenbroek.nl,iterative,199.7.83.42,ROOT,NO_RESPONSE,timeout,-,N/A
2025-10-28 10:28:01,valerievandenbroek.nl,iterative,202.12.27.33,ROOT,REFERRAL,181.58,-,N/A
2025-10-28 10:28:12,lacuentaperdida.org,iterative,198.41.0.4,ROOT,REFERRAL,242.36,-,N/A
2025-10-28 10:28:12,lacuentaperdida.org,iterative,199.249.112.1,TLD/AUTHORITATIVE,REFERRAL,115.70,-,N/A
2025-10-28 10:28:12,lacuentaperdida.org,iterative,199.249.120.1,TLD/AUTHORITATIVE,REFERRAL,116.71,-,N/A
2025-10-28 10:28:12,lacuentaperdida.org,iterative,199.19.57.1,TLD/AUTHORITATIVE,REFERRAL,53.74,-,N/A
2025-10-28 10:28:12,lacuentaperdida.org,iterative,199.19.56.1,TLD/AUTHORITATIVE,REFERRAL,56.34,-,N/A
2025-10-28 10:28:12,lacuentaperdida.org,iterative,199.19.54.1,TLD/AUTHORITATIVE,REFERRAL,64.53,-,N/A
2025-10-28 10:28:12,lacuentaperdida.org,iterative,199.19.53.1,TLD/AUTHORITATIVE,REFERRAL,129.38,-,N/A
2025-10-28 10:28:12,lacuentaperdida.org,iterative,170.247.170.2,ROOT,REFERRAL,286.32,-,N/A
2025-10-28 10:28:12,lacuentaperdida.org,iterative,192.33.4.12,ROOT,REFERRAL,108.51,-,N/A
2025-10-28 10:28:12,lacuentaperdida.org,iterative,199.7.91.13,ROOT,REFERRAL,45.67,-,N/A
2025-10-28 10:28:12,lacuentaperdida.org,iterative,192.203.230.10,ROOT,REFERRAL,58.55,-,N/A
2025-10-28 10:28:12,lacuentaperdida.org,iterative,192.5.5.241,ROOT,NO_RESPONSE,timeout,-,N/A
2025-10-28 10:28:12,lacuentaperdida.org,iterative,192.112.36.4,ROOT,REFERRAL,155.22,-,N/A
2025-10-28 10:28:12,lacuentaperdida.org,iterative,198.97.190.53,ROOT,REFERRAL,309.55,-,N/A
2025-10-28 10:28:12,lacuentaperdida.org,iterative,192.36.148.17,ROOT,REFERRAL,63.75,-,N/A
2025-10-28 10:28:12,lacuentaperdida.org,iterative,192.58.128.30,ROOT,NO_RESPONSE,timeout,-,N/A
2025-10-28 10:28:12,lacuentaperdida.org,iterative,193.0.14.129,ROOT,REFERRAL,94.90,-,N/A
2025-10-28 10:28:12,lacuentaperdida.org,iterative,199.7.83.42,ROOT,NO_RESPONSE,timeout,-,N/A
2025-10-28 10:28:12,lacuentaperdida.org,iterative,202.12.27.33,ROOT,REFERRAL,188.67,-,N/A
2025-10-28 10:28:23,alkoholiker-clan.de,iterative,198.41.0.4,ROOT,REFERRAL,175.45,-,N/A
2025-10-28 10:28:23,alkoholiker-clan.de,iterative,194.0.0.53,TLD/AUTHORITATIVE,REFERRAL,211.89,-,N/A
2025-10-28 10:28:23,alkoholiker-clan.de,iterative,78.46.40.158,TLD/AUTHORITATIVE,ANSWER,213.77,1226.22,N/A
2025-10-28 10:28:24,doommovie.com,iterative,198.41.0.4,ROOT,REFERRAL,182.80,-,N/A
2025-10-28 10:28:24,doommovie.com,iterative,192.41.162.30,TLD/AUTHORITATIVE,REFERRAL,162.01,-,N/A
2025-10-28 10:28:24,doommovie.com,iterative,108.162.192.178,TLD/AUTHORITATIVE,ANSWER,66.92,413.94,N/A
2025-10-28 10:28:25,xqgcab.com,iterative,198.41.0.4,ROOT,REFERRAL,186.00,-,N/A
2025-10-28 10:28:25,xqgcab.com,iterative,192.41.162.30,TLD/AUTHORITATIVE,REFERRAL,168.02,-,N/A
2025-10-28 10:28:25,xqgcab.com,iterative,192.48.79.30,TLD/AUTHORITATIVE,REFERRAL,180.86,-,N/A
2025-10-28 10:28:25,xqgcab.com,iterative,192.54.112.30,TLD/AUTHORITATIVE,NO_RESPONSE,timeout,-,N/A
2025-10-28 10:28:25,xqgcab.com,iterative,192.31.80.30,TLD/AUTHORITATIVE,NO_RESPONSE,timeout,-,N/A
2025-10-28 10:28:25,xqgcab.com,iterative,192.33.14.30,TLD/AUTHORITATIVE,REFERRAL,299.70,-,N/A
2025-10-28 10:28:25,xqgcab.com,iterative,192.35.51.30,TLD/AUTHORITATIVE,REFERRAL,188.71,-,N/A
2025-10-28 10:28:25,xqgcab.com,iterative,170.247.170.2,ROOT,REFERRAL,298.46,-,N/A
2025-10-28 10:28:25,xqgcab.com,iterative,192.5.6.30,TLD/AUTHORITATIVE,REFERRAL,94.24,-,N/A
2025-10-28 10:28:25,xqgcab.com,iterative,192.26.92.30,TLD/AUTHORITATIVE,REFERRAL,206.44,-,N/A
2025-10-28 10:28:25,xqgcab.com,iterative,192.12.94.30,TLD/AUTHORITATIVE,REFERRAL,197.80,-,N/A
2025-10-28 10:28:25,xqgcab.com,iterative,192.42.93.30,TLD/AUTHORITATIVE,NO_RESPONSE,timeout,-,N/A
2025-10-28 10:28:25,xqgcab.com,iterative,192.33.4.12,ROOT,REFERRAL,109.46,-,N/A
2025-10-28 10:28:25,xqgcab.com,iterative,192.55.83.30,TLD/AUTHORITATIVE,REFERRAL,166.42,-,N/A
2025-10-28 10:28:25,xqgcab.com,iterative,192.52.178.30,TLD/AUTHORITATIVE,REFERRAL,157.55,-,N/A
2025-10-28 10:28:25,xqgcab.com,iterative,192.43.172.30,TLD/AUTHORITATIVE,REFERRAL,186.73,-,N/A
2025-10-28 10:28:25,xqgcab.com,iterative,199.7.91.13,ROOT,REFERRAL,52.30,-,N/A
2025-10-28 10:28:25,xqgcab.com,iterative,192.203.230.10,ROOT,REFERRAL,54.32,-,N/A
2025-10-28 10:28:25,xqgcab.com,iterative,192.5.5.241,ROOT,NO_RESPONSE,timeout,-,N/A
2025-10-28 10:28:25,xqgcab.com,iterative,192.112.36.4,ROOT,REFERRAL,167.76,-,N/A
2025-10-28 10:28:25,xqgcab.com,iterative,198.97.190.53,ROOT,REFERRAL,369.09,-,N/A
2025-10-28 10:28:25,xqgcab.com,iterative,192.36.148.17,ROOT,REFERRAL,84.88,-,N/A
2025-10-28 10:28:25,xqgcab.com,iterative,192.58.128.30,ROOT,NO_RESPONSE,timeout,-,N/A
2025-10-28 10:28:25,xqgcab.com,iterative,193.0.14.129,ROOT,REFERRAL,158.63,-,N/A
2025-10-28 10:28:25,xqgcab.com,iterative,199.7.83.42,ROOT,NO_RESPONSE,timeout,-,N/A
2025-10-28 10:28:25,xqgcab.com,iterative,202.12.27.33,ROOT,REFERRAL,211.52,-,N/A
2025-10-28 10:28:46,uanet.net,iterative,198.41.0.4,ROOT,REFERRAL,202.72,-,N/A
2025-10-28 10:28:46,uanet.net,iterative,192.55.83.30,TLD/AUTHORITATIVE,REFERRAL,172.07,-,N/A
2025-10-28 10:28:46,uanet.net,iterative,47.97.51.45,TLD/AUTHORITATIVE,ANSWER,303.50,1173.28,N/A
2025-10-28 10:28:47,tomorrowsreflection.com,iterative,198.41.0.4,ROOT,REFERRAL,204.74,-,N/A
2025-10-28 10:28:47,tomorrowsreflection.com,iterative,192.41.162.30,TLD/AUTHORITATIVE,REFERRAL,175.25,-,N/A
2025-10-28 10:28:47,tomorrowsreflection.com,iterative,97.74.108.9,TLD/AUTHORITATIVE,ANSWER,187.07,567.58,N/A
2025-10-28 10:28:48,lighthouse.cc,iterative,198.41.0.4,ROOT,REFERRAL,188.15,-,N/A
2025-10-28 10:28:48,lighthouse.cc,iterative,192.42.175.30,TLD/AUTHORITATIVE,REFERRAL,169.09,-,N/A
2025-10-28 10:28:48,lighthouse.cc,iterative,192.110.166.196,TLD/AUTHORITATIVE,ANSWER,306.11,663.74,N/A
2025-10-28 10:28:48,7sports.jp,iterative,198.41.0.4,ROOT,REFERRAL,161.07,-,N/A
2025-10-28 10:28:48,7sports.jp,iterative,192.50.43.53,TLD/AUTHORITATIVE,REFERRAL,176.62,-,N/A
2025-10-28 10:28:48,7sports.jp,iterative,157.7.32.87,TLD/AUTHORITATIVE,ANSWER,196.34,1060.53,N/A
2025-10-28 10:28:50,gamepsvita.com,iterative,198.41.0.4,ROOT,REFERRAL,177.51,-,N/A
2025-10-28 10:28:50,gamepsvita.com,iterative,192.41.162.30,TLD/AUTHORITATIVE,REFERRAL,221.65,-,N/A
2025-10-28 10:28:50,gamepsvita.com,iterative,108.162.195.254,TLD/AUTHORITATIVE,ANSWER,149.04,548.75,N/A
2025-10-28 10:28:50,thunderex.com,iterative,198.41.0.4,ROOT,REFERRAL,196.91,-,N/A
2025-10-28 10:28:50,thunderex.com,iterative,192.41.162.30,TLD/AUTHORITATIVE,REFERRAL,195.21,-,N/A
2025-10-28 10:28:50,thunderex.com,iterative,97.74.101.22,TLD/AUTHORITATIVE,ANSWER,207.62,600.21,N/A
2025-10-28 10:28:51,zamlelova.ru,iterative,198.41.0.4,ROOT,REFERRAL,176.74,-,N/A
2025-10-28 10:28:51,zamlelova.ru,iterative,193.232.128.6,TLD/AUTHORITATIVE,REFERRAL,246.69,-,N/A
2025-10-28 10:28:51,zamlelova.ru,iterative,79.174.69.231,TLD/AUTHORITATIVE,ANSWER,259.57,2691.28,N/A
2025-10-28 10:28:53,atomicbase.com,iterative,198.41.0.4,ROOT,REFERRAL,182.81,-,N/A
2025-10-28 10:28:53,atomicbase.com,iterative,192.41.162.30,TLD/AUTHORITATIVE,REFERRAL,186.64,-,N/A
2025-10-28 10:28:53,atomicbase.com,iterative,192.252.149.20,TLD/AUTHORITATIVE,ANSWER,300.31,670.23,N/A
2025-10-28 10:28:54,qdushu.com,iterative,198.41.0.4,ROOT,REFERRAL,185.98,-,N/A
2025-10-28 10:28:54,qdushu.com,iterative,192.41.162.30,TLD/AUTHORITATIVE,REFERRAL,197.25,-,N/A
2025-10-28 10:28:54,qdushu.com,iterative,172.65.187.178,TLD/AUTHORITATIVE,REFERRAL,164.16,-,N/A
2025-10-28 10:28:54,qdushu.com,iterative,192.48.79.30,TLD/AUTHORITATIVE,REFERRAL,176.97,-,N/A
2025-10-28 10:28:54,qdushu.com,iterative,192.54.112.30,TLD/AUTHORITATIVE,NO_RESPONSE,timeout,-,N/A
2025-10-28 10:28:54,qdushu.com,iterative,192.31.80.30,TLD/AUTHORITATIVE,NO_RESPONSE,timeout,-,N/A
2025-10-28 10:28:54,qdushu.com,iterative,192.33.14.30,TLD/AUTHORITATIVE,REFERRAL,302.51,-,N/A
2025-10-28 10:28:54,qdushu.com,iterative,192.35.51.30,TLD/AUTHORITATIVE,REFERRAL,180.68,-,N/A
2025-10-28 10:28:54,qdushu.com,iterative,170.247.170.2,ROOT,REFERRAL,275.50,-,N/A
2025-10-28 10:28:54,qdushu.com,iterative,192.5.6.30,TLD/AUTHORITATIVE,NO_RESPONSE,timeout,-,N/A
2025-10-28 10:28:54,qdushu.com,iterative,192.26.92.30,TLD/AUTHORITATIVE,REFERRAL,184.04,-,N/A
2025-10-28 10:28:54,qdushu.com,iterative,192.12.94.30,TLD/AUTHORITATIVE,REFERRAL,193.03,-,N/A
2025-10-28 10:28:54,qdushu.com,iterative,192.42.93.30,TLD/AUTHORITATIVE,NO_RESPONSE,timeout,-,N/A
2025-10-28 10:28:54,qdushu.com,iterative,192.33.4.12,ROOT,REFERRAL,107.49,-,N/A
2025-10-28 10:28:54,qdushu.com,iterative,192.55.83.30,TLD/AUTHORITATIVE,REFERRAL,163.64,-,N/A
2025-10-28 10:28:54,qdushu.com,iterative,192.52.178.30,TLD/AUTHORITATIVE,REFERRAL,174.40,-,N/A
2025-10-28 10:28:54,qdushu.com,iterative,192.43.172.30,TLD/AUTHORITATIVE,REFERRAL,182.41,-,N/A
2025-10-28 10:28:54,qdushu.com,iterative,199.7.91.13,ROOT,REFERRAL,45.54,-,N/A
2025-10-28 10:28:54,qdushu.com,iterative,192.203.230.10,ROOT,REFERRAL,59.10,-,N/A
2025-10-28 10:28:54,qdushu.com,iterative,192.5.5.241,ROOT,NO_RESPONSE,timeout,-,N/A
2025-10-28 10:28:54,qdushu.com,iterative,192.112.36.4,ROOT,REFERRAL,162.53,-,N/A
2025-10-28 10:28:54,qdushu.com,iterative,198.97.190.53,ROOT,REFERRAL,307.30,-,N/A
2025-10-28 10:28:54,qdushu.com,iterative,192.36.148.17,ROOT,REFERRAL,78.55,-,N/A
2025-10-28 10:28:54,qdushu.com,iterative,192.58.128.30,ROOT,NO_RESPONSE,timeout,-,N/A
2025-10-28 10:28:54,qdushu.com,iterative,193.0.14.129,ROOT,REFERRAL,83.07,-,N/A
2025-10-28 10:28:54,qdushu.com,iterative,199.7.83.42,ROOT,NO_RESPONSE,timeout,-,N/A
2025-10-28 10:28:54,qdushu.com,iterative,202.12.27.33,ROOT,REFERRAL,173.99,-,N/A
2025-10-28 10:29:19,raqualia.com,iterative,198.41.0.4,ROOT,REFERRAL,154.58,-,N/A
2025-10-28 10:29:19,raqualia.com,iterative,192.41.162.30,TLD/AUTHORITATIVE,REFERRAL,169.11,-,N/A
2025-10-28 10:29:19,raqualia.com,iterative,157.112.147.232,TLD/AUTHORITATIVE,REFERRAL,186.79,-,N/A
2025-10-28 10:29:19,raqualia.com,iterative,192.48.79.30,TLD/AUTHORITATIVE,REFERRAL,168.20,-,N/A
2025-10-28 10:29:19,raqualia.com,iterative,192.54.112.30,TLD/AUTHORITATIVE,NO_RESPONSE,timeout,-,N/A
2025-10-28 10:29:19,raqualia.com,iterative,192.31.80.30,TLD/AUTHORITATIVE,NO_RESPONSE,timeout,-,N/A
2025-10-28 10:29:19,raqualia.com,iterative,192.33.14.30,TLD/AUTHORITATIVE,REFERRAL,310.19,-,N/A
2025-10-28 10:29:19,raqualia.com,iterative,192.35.51.30,TLD/AUTHORITATIVE,REFERRAL,197.60,-,N/A
2025-10-28 10:29:19,raqualia.com,iterative,170.247.170.2,ROOT,REFERRAL,281.61,-,N/A
2025-10-28 10:29:19,raqualia.com,iterative,192.5.6.30,TLD/AUTHORITATIVE,REFERRAL,183.08,-,N/A
2025-10-28 10:29:19,raqualia.com,iterative,192.26.92.30,TLD/AUTHORITATIVE,REFERRAL,218.30,-,N/A
2025-10-28 10:29:19,raqualia.com,iterative,192.12.94.30,TLD/AUTHORITATIVE,REFERRAL,192.17,-,N/A
2025-10-28 10:29:19,raqualia.com,iterative,192.42.93.30,TLD/AUTHORITATIVE,NO_RESPONSE,timeout,-,N/A
2025-10-28 10:29:19,raqualia.com,iterative,192.33.4.12,ROOT,REFERRAL,109.18,-,N/A
2025-10-28 10:29:19,raqualia.com,iterative,192.55.83.30,TLD/AUTHORITATIVE,REFERRAL,163.76,-,N/A
2025-10-28 10:29:19,raqualia.com,iterative,192.52.178.30,TLD/AUTHORITATIVE,REFERRAL,161.66,-,N/A
2025-10-28 10:29:19,raqualia.com,iterative,192.43.172.30,TLD/AUTHORITATIVE,REFERRAL,179.64,-,N/A
2025-10-28 10:29:19,raqualia.com,iterative,199.7.91.13,ROOT,REFERRAL,51.94,-,N/A
2025-10-28 10:29:19,raqualia.com,iterative,192.203.230.10,ROOT,REFERRAL,57.84,-,N/A
2025-10-28 10:29:19,raqualia.com,iterative,192.5.5.241,ROOT,NO_RESPONSE,timeout,-,N/A
2025-10-28 10:29:19,raqualia.com,iterative,192.112.36.4,ROOT,REFERRAL,164.28,-,N/A
2025-10-28 10:29:19,raqualia.com,iterative,198.97.190.53,ROOT,REFERRAL,329.38,-,N/A
2025-10-28 10:29:19,raqualia.com,iterative,192.36.148.17,ROOT,REFERRAL,99.10,-,N/A
2025-10-28 10:29:19,raqualia.com,iterative,192.58.128.30,ROOT,NO_RESPONSE,timeout,-,N/A
2025-10-28 10:29:19,raqualia.com,iterative,193.0.14.129,ROOT,REFERRAL,90.55,-,N/A
2025-10-28 10:29:19,raqualia.com,iterative,199.7.83.42,ROOT,NO_RESPONSE,timeout,-,N/A
2025-10-28 10:29:19,raqualia.com,iterative,202.12.27.33,ROOT,REFERRAL,183.40,-,N/A
2025-10-28 10:29:46,fanzi.pl,iterative,198.41.0.4,ROOT,REFERRAL,156.77,-,N/A
2025-10-28 10:29:46,fanzi.pl,iterative,194.0.25.29,TLD/AUTHORITATIVE,REFERRAL,52.87,-,N/A
2025-10-28 10:29:46,fanzi.pl,iterative,192.195.72.53,TLD/AUTHORITATIVE,REFERRAL,185.84,-,N/A
2025-10-28 10:29:46,fanzi.pl,iterative,204.61.217.4,TLD/AUTHORITATIVE,REFERRAL,48.80,-,N/A
2025-10-28 10:29:46,fanzi.pl,iterative,185.159.198.48,TLD/AUTHORITATIVE,REFERRAL,177.56,-,N/A
2025-10-28 10:29:46,fanzi.pl,iterative,185.159.197.48,TLD/AUTHORITATIVE,REFERRAL,95.82,-,N/A
2025-10-28 10:29:46,fanzi.pl,iterative,192.102.225.53,TLD/AUTHORITATIVE,NO_RESPONSE,timeout,-,N/A
2025-10-28 10:29:46,fanzi.pl,iterative,170.247.170.2,ROOT,REFERRAL,278.06,-,N/A
2025-10-28 10:29:46,fanzi.pl,iterative,192.33.4.12,ROOT,REFERRAL,118.00,-,N/A
2025-10-28 10:29:46,fanzi.pl,iterative,199.7.91.13,ROOT,REFERRAL,50.98,-,N/A
2025-10-28 10:29:46,fanzi.pl,iterative,192.203.230.10,ROOT,REFERRAL,78.59,-,N/A
2025-10-28 10:29:46,fanzi.pl,iterative,192.5.5.241,ROOT,NO_RESPONSE,timeout,-,N/A
2025-10-28 10:29:46,fanzi.pl,iterative,192.112.36.4,ROOT,REFERRAL,192.31,-,N/A
2025-10-28 10:29:46,fanzi.pl,iterative,198.97.190.53,ROOT,REFERRAL,344.98,-,N/A
2025-10-28 10:29:46,fanzi.pl,iterative,192.36.148.17,ROOT,REFERRAL,87.39,-,N/A
2025-10-28 10:29:46,fanzi.pl,iterative,192.58.128.30,ROOT,NO_RESPONSE,timeout,-,N/A
2025-10-28 10:29:46,fanzi.pl,iterative,193.0.14.129,ROOT,REFERRAL,61.03,-,N/A
2025-10-28 10:29:46,fanzi.pl,iterative,199.7.83.42,ROOT,NO_RESPONSE,timeout,-,N/A
2025-10-28 10:29:46,fanzi.pl,iterative,202.12.27.33,ROOT,REFERRAL,180.10,-,N/A
2025-10-28 10:30:00,womenology.com,iterative,198.41.0.4,ROOT,REFERRAL,171.42,-,N/A
2025-10-28 10:30:00,womenology.com,iterative,192.41.162.30,TLD/AUTHORITATIVE,REFERRAL,170.35,-,N/A
2025-10-28 10:30:00,womenology.com,iterative,194.0.182.19,TLD/AUTHORITATIVE,ANSWER,49.07,391.23,N/A
2025-10-28 10:30:01,tonaci.com,iterative,198.41.0.4,ROOT,REFERRAL,163.82,-,N/A
2025-10-28 10:30:01,tonaci.com,iterative,192.41.162.30,TLD/AUTHORITATIVE,REFERRAL,168.22,-,N/A
2025-10-28 10:30:01,tonaci.com,iterative,216.239.32.106,TLD/AUTHORITATIVE,ANSWER,185.32,517.76,N/A
2025-10-28 10:30:01,youngsnetwork.it,iterative,198.41.0.4,ROOT,REFERRAL,160.39,-,N/A
2025-10-28 10:30:01,youngsnetwork.it,iterative,194.0.16.215,TLD/AUTHORITATIVE,REFERRAL,190.16,-,N/A
2025-10-28 10:30:01,youngsnetwork.it,iterative,217.29.76.4,TLD/AUTHORITATIVE,REFERRAL,175.12,-,N/A
2025-10-28 10:30:01,youngsnetwork.it,iterative,192.12.192.5,TLD/AUTHORITATIVE,REFERRAL,175.94,-,N/A
2025-10-28 10:30:01,youngsnetwork.it,iterative,194.0.25.44,TLD/AUTHORITATIVE,REFERRAL,123.74,-,N/A
2025-10-28 10:30:01,youngsnetwork.it,iterative,194.119.192.34,TLD/AUTHORITATIVE,REFERRAL,199.08,-,N/A
2025-10-28 10:30:01,youngsnetwork.it,iterative,193.206.141.46,TLD/AUTHORITATIVE,REFERRAL,184.28,-,N/A
2025-10-28 10:30:01,youngsnetwork.it,iterative,170.247.170.2,ROOT,REFERRAL,277.01,-,N/A
2025-10-28 10:30:01,youngsnetwork.it,iterative,192.33.4.12,ROOT,REFERRAL,102.78,-,N/A
2025-10-28 10:30:01,youngsnetwork.it,iterative,199.7.91.13,ROOT,REFERRAL,47.20,-,N/A
2025-10-28 10:30:01,youngsnetwork.it,iterative,192.203.230.10,ROOT,REFERRAL,79.55,-,N/A
2025-10-28 10:30:01,youngsnetwork.it,iterative,192.5.5.241,ROOT,NO_RESPONSE,timeout,-,N/A
2025-10-28 10:30:01,youngsnetwork.it,iterative,192.112.36.4,ROOT,REFERRAL,160.13,-,N/A
2025-10-28 10:30:01,youngsnetwork.it,iterative,198.97.190.53,ROOT,REFERRAL,325.43,-,N/A
2025-10-28 10:30:01,youngsnetwork.it,iterative,192.36.148.17,ROOT,REFERRAL,79.88,-,N/A
2025-10-28 10:30:01,youngsnetwork.it,iterative,192.58.128.30,ROOT,NO_RESPONSE,timeout,-,N/A
2025-10-28 10:30:01,youngsnetwork.it,iterative,193.0.14.129,ROOT,REFERRAL,99.81,-,N/A
2025-10-28 10:30:01,youngsnetwork.it,iterative,199.7.83.42,ROOT,NO_RESPONSE,timeout,-,N/A
2025-10-28 10:30:01,youngsnetwork.it,iterative,202.12.27.33,ROOT,REFERRAL,175.57,-,N/A
2025-10-28 10:30:13,gvowebcast.com,iterative,198.41.0.4,ROOT,REFERRAL,152.34,-,N/A
2025-10-28 10:30:13,gvowebcast.com,iterative,192.41.162.30,TLD/AUTHORITATIVE,REFERRAL,158.29,-,N/A
2025-10-28 10:30:13,gvowebcast.com,iterative,108.162.192.85,TLD/AUTHORITATIVE,ANSWER,75.32,386.46,N/A
2025-10-28 10:30:13,aspiringwriter.ca,iterative,198.41.0.4,ROOT,REFERRAL,157.93,-,N/A
2025-10-28 10:30:13,aspiringwriter.ca,iterative,45.142.220.101,TLD/AUTHORITATIVE,REFERRAL,199.96,-,N/A
2025-10-28 10:30:13,aspiringwriter.ca,iterative,199.4.144.2,TLD/AUTHORITATIVE,REFERRAL,90.90,-,N/A
2025-10-28 10:30:13,aspiringwriter.ca,iterative,185.159.196.2,TLD/AUTHORITATIVE,REFERRAL,178.27,-,N/A
2025-10-28 10:30:13,aspiringwriter.ca,iterative,198.182.167.1,TLD/AUTHORITATIVE,REFERRAL,48.37,-,N/A
2025-10-28 10:30:13,aspiringwriter.ca,iterative,170.247.170.2,ROOT,REFERRAL,274.81,-,N/A
2025-10-28 10:30:13,aspiringwriter.ca,iterative,192.33.4.12,ROOT,REFERRAL,96.78,-,N/A
2025-10-28 10:30:13,aspiringwriter.ca,iterative,199.7.91.13,ROOT,REFERRAL,49.54,-,N/A
2025-10-28 10:30:13,aspiringwriter.ca,iterative,192.203.230.10,ROOT,REFERRAL,60.26,-,N/A
2025-10-28 10:30:13,aspiringwriter.ca,iterative,192.5.5.241,ROOT,NO_RESPONSE,timeout,-,N/A
2025-10-28 10:30:13,aspiringwriter.ca,iterative,192.112.36.4,ROOT,REFERRAL,164.69,-,N/A
2025-10-28 10:30:13,aspiringwriter.ca,iterative,198.97.190.53,ROOT,REFERRAL,301.25,-,N/A
2025-10-28 10:30:13,aspiringwriter.ca,iterative,192.36.148.17,ROOT,REFERRAL,47.37,-,N/A
2025-10-28 10:30:13,aspiringwriter.ca,iterative,192.58.128.30,ROOT,NO_RESPONSE,timeout,-,N/A
2025-10-28 10:30:13,aspiringwriter.ca,iterative,193.0.14.129,ROOT,REFERRAL,60.78,-,N/A
2025-10-28 10:30:13,aspiringwriter.ca,iterative,199.7.83.42,ROOT,NO_RESPONSE,timeout,-,N/A
2025-10-28 10:30:13,aspiringwriter.ca,iterative,202.12.27.33,ROOT,REFERRAL,176.07,-,N/A
2025-10-28 10:30:24,heygal.net,iterative,198.41.0.4,ROOT,REFERRAL,152.75,-,N/A
2025-10-28 10:30:24,heygal.net,iterative,192.55.83.30,TLD/AUTHORITATIVE,REFERRAL,160.76,-,N/A
2025-10-28 10:30:24,heygal.net,iterative,192.52.178.30,TLD/AUTHORITATIVE,REFERRAL,170.64,-,N/A
2025-10-28 10:30:24,heygal.net,iterative,192.33.14.30,TLD/AUTHORITATIVE,REFERRAL,291.64,-,N/A
2025-10-28 10:30:24,heygal.net,iterative,192.35.51.30,TLD/AUTHORITATIVE,REFERRAL,188.29,-,N/A
2025-10-28 10:30:24,heygal.net,iterative,192.31.80.30,TLD/AUTHORITATIVE,NO_RESPONSE,timeout,-,N/A
2025-10-28 10:30:24,heygal.net,iterative,192.54.112.30,TLD/AUTHORITATIVE,NO_RESPONSE,timeout,-,N/A
2025-10-28 10:30:24,heygal.net,iterative,170.247.170.2,ROOT,REFERRAL,273.11,-,N/A
2025-10-28 10:30:24,heygal.net,iterative,192.5.6.30,TLD/AUTHORITATIVE,NO_RESPONSE,timeout,-,N/A
2025-10-28 10:30:24,heygal.net,iterative,192.26.92.30,TLD/AUTHORITATIVE,REFERRAL,185.59,-,N/A
2025-10-28 10:30:24,heygal.net,iterative,192.12.94.30,TLD/AUTHORITATIVE,REFERRAL,181.82,-,N/A
2025-10-28 10:30:24,heygal.net,iterative,192.42.93.30,TLD/AUTHORITATIVE,NO_RESPONSE,timeout,-,N/A
2025-10-28 10:30:24,heygal.net,iterative,192.33.4.12,ROOT,REFERRAL,97.90,-,N/A
2025-10-28 10:30:24,heygal.net,iterative,192.41.162.30,TLD/AUTHORITATIVE,REFERRAL,159.80,-,N/A
2025-10-28 10:30:24,heygal.net,iterative,192.48.79.30,TLD/AUTHORITATIVE,REFERRAL,169.94,-,N/A
2025-10-28 10:30:24,heygal.net,iterative,192.43.172.30,TLD/AUTHORITATIVE,REFERRAL,177.71,-,N/A
2025-10-28 10:30:24,heygal.net,iterative,199.7.91.13,ROOT,REFERRAL,51.49,-,N/A
2025-10-28 10:30:24,heygal.net,iterative,192.203.230.10,ROOT,REFERRAL,63.72,-,N/A
2025-10-28 10:30:24,heygal.net,iterative,192.5.5.241,ROOT,NO_RESPONSE,timeout,-,N/A
2025-10-28 10:30:24,heygal.net,iterative,192.112.36.4,ROOT,REFERRAL,164.13,-,N/A
2025-10-28 10:30:24,heygal.net,iterative,198.97.190.53,ROOT,REFERRAL,307.49,-,N/A
2025-10-28 10:30:24,heygal.net,iterative,192.36.148.17,ROOT,REFERRAL,62.87,-,N/A
2025-10-28 10:30:24,heygal.net,iterative,192.58.128.30,ROOT,NO_RESPONSE,timeout,-,N/A
2025-10-28 10:30:24,heygal.net,iterative,193.0.14.129,ROOT,REFERRAL,168.05,-,N/A
2025-10-28 10:30:24,heygal.net,iterative,199.7.83.42,ROOT,NO_RESPONSE,timeout,-,N/A
2025-10-28 10:30:24,heygal.net,iterative,202.12.27.33,ROOT,REFERRAL,191.07,-,N/A
2025-10-28 10:30:48,mpskota.com,iterative,198.41.0.4,ROOT,REFERRAL,159.90,-,N/A
2025-10-28 10:30:48,mpskota.com,iterative,192.41.162.30,TLD/AUTHORITATIVE,REFERRAL,167.82,-,N/A
2025-10-28 10:30:48,mpskota.com,iterative,205.251.193.199,TLD/AUTHORITATIVE,ANSWER,54.13,382.32,N/A
2025-10-28 10:30:49,ohdev.co.uk,iterative,198.41.0.4,ROOT,REFERRAL,163.93,-,N/A
2025-10-28 10:30:49,ohdev.co.uk,iterative,213.248.216.1,TLD/AUTHORITATIVE,REFERRAL,178.52,-,N/A
2025-10-28 10:30:49,ohdev.co.uk,iterative,108.162.193.89,TLD/AUTHORITATIVE,ANSWER,58.67,824.19,N/A
2025-10-28 10:30:50,topilehtipuu.com,iterative,198.41.0.4,ROOT,REFERRAL,156.81,-,N/A
2025-10-28 10:30:50,topilehtipuu.com,iterative,192.41.162.30,TLD/AUTHORITATIVE,REFERRAL,157.82,-,N/A
2025-10-28 10:30:50,topilehtipuu.com,iterative,103.224.212.9,TLD/AUTHORITATIVE,ANSWER,287.91,10137.94,N/A
2025-10-28 10:31:00,thereeftank.com,iterative,198.41.0.4,ROOT,REFERRAL,187.10,-,N/A
2025-10-28 10:31:00,thereeftank.com,iterative,192.41.162.30,TLD/AUTHORITATIVE,REFERRAL,170.11,-,N/A
2025-10-28 10:31:00,thereeftank.com,iterative,216.239.32.107,TLD/AUTHORITATIVE,ANSWER,181.03,538.82,N/A
2025-10-28 10:31:00,volksschule-neufahrn.de,iterative,198.41.0.4,ROOT,REFERRAL,168.40,-,N/A
2025-10-28 10:31:00,volksschule-neufahrn.de,iterative,194.0.0.53,TLD/AUTHORITATIVE,REFERRAL,194.54,-,N/A
2025-10-28 10:31:00,volksschule-neufahrn.de,iterative,77.67.63.105,TLD/AUTHORITATIVE,REFERRAL,173.13,-,N/A
2025-10-28 10:31:00,volksschule-neufahrn.de,iterative,195.243.137.26,TLD/AUTHORITATIVE,REFERRAL,262.54,-,N/A
2025-10-28 10:31:00,volksschule-neufahrn.de,iterative,81.91.164.5,TLD/AUTHORITATIVE,REFERRAL,217.45,-,N/A
2025-10-28 10:31:00,volksschule-neufahrn.de,iterative,194.246.96.1,TLD/AUTHORITATIVE,REFERRAL,170.72,-,N/A
2025-10-28 10:31:00,volksschule-neufahrn.de,iterative,194.146.107.6,TLD/AUTHORITATIVE,REFERRAL,176.61,-,N/A
2025-10-28 10:31:00,volksschule-neufahrn.de,iterative,170.247.170.2,ROOT,REFERRAL,276.76,-,N/A
2025-10-28 10:31:00,volksschule-neufahrn.de,iterative,192.33.4.12,ROOT,REFERRAL,103.88,-,N/A
2025-10-28 10:31:00,volksschule-neufahrn.de,iterative,199.7.91.13,ROOT,REFERRAL,50.85,-,N/A
2025-10-28 10:31:00,volksschule-neufahrn.de,iterative,192.203.230.10,ROOT,REFERRAL,69.07,-,N/A
2025-10-28 10:31:00,volksschule-neufahrn.de,iterative,192.5.5.241,ROOT,NO_RESPONSE,timeout,-,N/A
2025-10-28 10:31:00,volksschule-neufahrn.de,iterative,192.112.36.4,ROOT,REFERRAL,170.83,-,N/A
2025-10-28 10:31:00,volksschule-neufahrn.de,iterative,198.97.190.53,ROOT,REFERRAL,306.14,-,N/A
2025-10-28 10:31:00,volksschule-neufahrn.de,iterative,192.36.148.17,ROOT,REFERRAL,65.85,-,N/A
2025-10-28 10:31:00,volksschule-neufahrn.de,iterative,192.58.128.30,ROOT,NO_RESPONSE,timeout,-,N/A
2025-10-28 10:31:00,volksschule-neufahrn.de,iterative,193.0.14.129,ROOT,REFERRAL,106.15,-,N/A
2025-10-28 10:31:00,volksschule-neufahrn.de,iterative,199.7.83.42,ROOT,NO_RESPONSE,timeout,-,N/A
2025-10-28 10:31:00,volksschule-neufahrn.de,iterative,202.12.27.33,ROOT,REFERRAL,172.81,-,N/A
2025-10-28 10:31:12,qingjiaopidaiji.com,iterative,198.41.0.4,ROOT,REFERRAL,158.24,-,N/A
2025-10-28 10:31:12,qingjiaopidaiji.com,iterative,192.41.162.30,TLD/AUTHORITATIVE,REFERRAL,170.57,-,N/A
2025-10-28 10:31:12,qingjiaopidaiji.com,iterative,192.48.79.30,TLD/AUTHORITATIVE,REFERRAL,191.25,-,N/A
2025-10-28 10:31:12,qingjiaopidaiji.com,iterative,192.54.112.30,TLD/AUTHORITATIVE,NO_RESPONSE,timeout,-,N/A
2025-10-28 10:31:12,qingjiaopidaiji.com,iterative,192.31.80.30,TLD/AUTHORITATIVE,NO_RESPONSE,timeout,-,N/A
2025-10-28 10:31:12,qingjiaopidaiji.com,iterative,192.33.14.30,TLD/AUTHORITATIVE,REFERRAL,290.21,-,N/A
2025-10-28 10:31:12,qingjiaopidaiji.com,iterative,192.35.51.30,TLD/AUTHORITATIVE,REFERRAL,176.89,-,N/A
2025-10-28 10:31:12,qingjiaopidaiji.com,iterative,170.247.170.2,ROOT,REFERRAL,291.21,-,N/A
2025-10-28 10:31:12,qingjiaopidaiji.com,iterative,192.5.6.30,TLD/AUTHORITATIVE,REFERRAL,70.58,-,N/A
2025-10-28 10:31:12,qingjiaopidaiji.com,iterative,192.26.92.30,TLD/AUTHORITATIVE,REFERRAL,183.15,-,N/A
2025-10-28 10:31:12,qingjiaopidaiji.com,iterative,192.12.94.30,TLD/AUTHORITATIVE,REFERRAL,186.79,-,N/A
2025-10-28 10:31:12,qingjiaopidaiji.com,iterative,192.33.4.12,ROOT,REFERRAL,135.24,-,N/A
2025-10-28 10:31:12,qingjiaopidaiji.com,iterative,192.55.83.30,TLD/AUTHORITATIVE,REFERRAL,160.95,-,N/A
2025-10-28 10:31:12,qingjiaopidaiji.com,iterative,192.52.178.30,TLD/AUTHORITATIVE,REFERRAL,157.83,-,N/A
2025-10-28 10:31:12,qingjiaopidaiji.com,iterative,192.43.172.30,TLD/AUTHORITATIVE,REFERRAL,180.13,-,N/A
2025-10-28 10:31:12,qingjiaopidaiji.com,iterative,192.42.93.30,TLD/AUTHORITATIVE,NO_RESPONSE,timeout,-,N/A
2025-10-28 10:31:12,qingjiaopidaiji.com,iterative,199.7.91.13,ROOT,REFERRAL,48.38,-,N/A
2025-10-28 10:31:12,qingjiaopidaiji.com,iterative,192.203.230.10,ROOT,REFERRAL,64.23,-,N/A
2025-10-28 10:31:12,qingjiaopidaiji.com,iterative,192.5.5.241,ROOT,NO_RESPONSE,timeout,-,N/A
2025-10-28 10:31:12,qingjiaopidaiji.com,iterative,192.112.36.4,ROOT,REFERRAL,157.02,-,N/A
2025-10-28 10:31:12,qingjiaopidaiji.com,iterative,198.97.190.53,ROOT,REFERRAL,309.01,-,N/A
2025-10-28 10:31:12,qingjiaopidaiji.com,iterative,192.36.148.17,ROOT,REFERRAL,59.01,-,N/A
2025-10-28 10:31:12,qingjiaopidaiji.com,iterative,192.58.128.30,ROOT,NO_RESPONSE,timeout,-,N/A
2025-10-28 10:31:12,qingjiaopidaiji.com,iterative,193.0.14.129,ROOT,REFERRAL,100.76,-,N/A
2025-10-28 10:31:12,qingjiaopidaiji.com,iterative,199.7.83.42,ROOT,NO_RESPONSE,timeout,-,N/A
2025-10-28 10:31:12,qingjiaopidaiji.com,iterative,202.12.27.33,ROOT,REFERRAL,173.44,-,N/A
2025-10-28 10:31:33,jcwcn.com,iterative,198.41.0.4,ROOT,REFERRAL,160.36,-,N/A
2025-10-28 10:31:33,jcwcn.com,iterative,192.41.162.30,TLD/AUTHORITATIVE,REFERRAL,156.57,-,N/A
2025-10-28 10:31:33,jcwcn.com,iterative,211.149.226.74,TLD/AUTHORITATIVE,ANSWER,339.16,1325.22,N/A
2025-10-28 10:31:35,huhgmbh.com,iterative,198.41.0.4,ROOT,REFERRAL,166.02,-,N/A
2025-10-28 10:31:35,huhgmbh.com,iterative,192.41.162.30,TLD/AUTHORITATIVE,REFERRAL,173.19,-,N/A
2025-10-28 10:31:35,huhgmbh.com,iterative,3.85.83.108,TLD/AUTHORITATIVE,ANSWER,293.39,633.17,N/A
2025-10-28 10:31:35,redcrosseth.org,iterative,198.41.0.4,ROOT,REFERRAL,162.66,-,N/A
2025-10-28 10:31:35,redcrosseth.org,iterative,199.249.112.1,TLD/AUTHORITATIVE,REFERRAL,104.82,-,N/A
2025-10-28 10:31:35,redcrosseth.org,iterative,65.21.72.120,TLD/AUTHORITATIVE,ANSWER,199.80,874.63,N/A
2025-10-28 10:31:36,lookpage.org,iterative,198.41.0.4,ROOT,REFERRAL,169.85,-,N/A
2025-10-28 10:31:36,lookpage.org,iterative,199.249.112.1,TLD/AUTHORITATIVE,REFERRAL,117.41,-,N/A
2025-10-28 10:31:36,lookpage.org,iterative,199.249.120.1,TLD/AUTHORITATIVE,REFERRAL,109.42,-,N/A
2025-10-28 10:31:36,lookpage.org,iterative,199.19.57.1,TLD/AUTHORITATIVE,REFERRAL,53.88,-,N/A
2025-10-28 10:31:36,lookpage.org,iterative,199.19.56.1,TLD/AUTHORITATIVE,REFERRAL,53.40,-,N/A
2025-10-28 10:31:36,lookpage.org,iterative,199.19.54.1,TLD/AUTHORITATIVE,REFERRAL,56.17,-,N/A
2025-10-28 10:31:36,lookpage.org,iterative,199.19.53.1,TLD/AUTHORITATIVE,REFERRAL,66.41,-,N/A
2025-10-28 10:31:36,lookpage.org,iterative,170.247.170.2,ROOT,REFERRAL,307.15,-,N/A
2025-10-28 10:31:36,lookpage.org,iterative,192.33.4.12,ROOT,REFERRAL,109.18,-,N/A
2025-10-28 10:31:36,lookpage.org,iterative,199.7.91.13,ROOT,REFERRAL,57.15,-,N/A
2025-10-28 10:31:36,lookpage.org,iterative,192.203.230.10,ROOT,REFERRAL,73.83,-,N/A
2025-10-28 10:31:36,lookpage.org,iterative,192.5.5.241,ROOT,NO_RESPONSE,timeout,-,N/A
2025-10-28 10:31:36,lookpage.org,iterative,192.112.36.4,ROOT,REFERRAL,182.79,-,N/A
2025-10-28 10:31:36,lookpage.org,iterative,198.97.190.53,ROOT,REFERRAL,313.10,-,N/A
2025-10-28 10:31:36,lookpage.org,iterative,192.36.148.17,ROOT,REFERRAL,87.33,-,N/A
2025-10-28 10:31:36,lookpage.org,iterative,192.58.128.30,ROOT,NO_RESPONSE,timeout,-,N/A
2025-10-28 10:31:36,lookpage.org,iterative,193.0.14.129,ROOT,REFERRAL,77.84,-,N/A
2025-10-28 10:31:36,lookpage.org,iterative,199.7.83.42,ROOT,NO_RESPONSE,timeout,-,N/A
2025-10-28 10:31:36,lookpage.org,iterative,202.12.27.33,ROOT,REFERRAL,174.10,-,N/A
2025-10-28 10:31:47,mplus.hk,iterative,198.41.0.4,ROOT,REFERRAL,157.51,-,N/A
2025-10-28 10:31:47,mplus.hk,iterative,203.119.87.218,TLD/AUTHORITATIVE,REFERRAL,161.77,-,N/A
2025-10-28 10:31:47,mplus.hk,iterative,60.247.150.254,TLD/AUTHORITATIVE,ANSWER,340.26,660.02,N/A
2025-10-28 10:31:48,sandieskorner.com,iterative,198.41.0.4,ROOT,REFERRAL,162.06,-,N/A
2025-10-28 10:31:48,sandieskorner.com,iterative,192.41.162.30,TLD/AUTHORITATIVE,REFERRAL,162.43,-,N/A
2025-10-28 10:31:48,sandieskorner.com,iterative,192.48.79.30,TLD/AUTHORITATIVE,REFERRAL,203.51,-,N/A
2025-10-28 10:31:48,sandieskorner.com,iterative,192.54.112.30,TLD/AUTHORITATIVE,NO_RESPONSE,timeout,-,N/A
2025-10-28 10:31:48,sandieskorner.com,iterative,192.31.80.30,TLD/AUTHORITATIVE,NO_RESPONSE,timeout,-,N/A
2025-10-28 10:31:48,sandieskorner.com,iterative,192.33.14.30,TLD/AUTHORITATIVE,REFERRAL,278.96,-,N/A
2025-10-28 10:31:48,sandieskorner.com,iterative,192.35.51.30,TLD/AUTHORITATIVE,REFERRAL,176.92,-,N/A
2025-10-28 10:31:48,sandieskorner.com,iterative,170.247.170.2,ROOT,REFERRAL,279.91,-,N/A
2025-10-28 10:31:48,sandieskorner.com,iterative,192.5.6.30,TLD/AUTHORITATIVE,REFERRAL,158.62,-,N/A
2025-10-28 10:31:48,sandieskorner.com,iterative,192.26.92.30,TLD/AUTHORITATIVE,REFERRAL,216.42,-,N/A
2025-10-28 10:31:48,sandieskorner.com,iterative,192.12.94.30,TLD/AUTHORITATIVE,REFERRAL,402.18,-,N/A
2025-10-28 10:31:48,sandieskorner.com,iterative,192.42.93.30,TLD/AUTHORITATIVE,NO_RESPONSE,timeout,-,N/A
2025-10-28 10:31:48,sandieskorner.com,iterative,192.33.4.12,ROOT,REFERRAL,104.41,-,N/A
2025-10-28 10:31:48,sandieskorner.com,iterative,192.55.83.30,TLD/AUTHORITATIVE,REFERRAL,160.54,-,N/A
2025-10-28 10:31:48,sandieskorner.com,iterative,192.52.178.30,TLD/AUTHORITATIVE,REFERRAL,162.56,-,N/A
2025-10-28 10:31:48,sandieskorner.com,iterative,192.43.172.30,TLD/AUTHORITATIVE,REFERRAL,175.86,-,N/A
2025-10-28 10:31:48,sandieskorner.com,iterative,199.7.91.13,ROOT,REFERRAL,50.63,-,N/A
2025-10-28 10:31:48,sandieskorner.com,iterative,192.203.230.10,ROOT,REFERRAL,76.31,-,N/A
2025-10-28 10:31:48,sandieskorner.com,iterative,192.5.5.241,ROOT,NO_RESPONSE,timeout,-,N/A
2025-10-28 10:31:48,sandieskorner.com,iterative,192.112.36.4,ROOT,REFERRAL,156.66,-,N/A
2025-10-28 10:31:48,sandieskorner.com,iterative,198.97.190.53,ROOT,REFERRAL,329.18,-,N/A
2025-10-28 10:31:48,sandieskorner.com,iterative,192.36.148.17,ROOT,REFERRAL,75.32,-,N/A
2025-10-28 10:31:48,sandieskorner.com,iterative,192.58.128.30,ROOT,NO_RESPONSE,timeout,-,N/A
2025-10-28 10:31:48,sandieskorner.com,iterative,193.0.14.129,ROOT,REFERRAL,126.22,-,N/A
2025-10-28 10:31:48,sandieskorner.com,iterative,199.7.83.42,ROOT,NO_RESPONSE,timeout,-,N/A
2025-10-28 10:31:48,sandieskorner.com,iterative,202.12.27.33,ROOT,REFERRAL,209.73,-,N/A
2025-10-28 10:32:09,sinemagrafik.com,iterative,198.41.0.4,ROOT,REFERRAL,182.62,-,N/A
2025-10-28 10:32:09,sinemagrafik.com,iterative,192.41.162.30,TLD/AUTHORITATIVE,REFERRAL,159.73,-,N/A
2025-10-28 10:32:09,sinemagrafik.com,iterative,192.48.79.30,TLD/AUTHORITATIVE,REFERRAL,162.15,-,N/A
2025-10-28 10:32:09,sinemagrafik.com,iterative,192.54.112.30,TLD/AUTHORITATIVE,NO_RESPONSE,timeout,-,N/A
2025-10-28 10:32:09,sinemagrafik.com,iterative,192.31.80.30,TLD/AUTHORITATIVE,NO_RESPONSE,timeout,-,N/A
2025-10-28 10:32:09,sinemagrafik.com,iterative,192.33.14.30,TLD/AUTHORITATIVE,REFERRAL,284.90,-,N/A
2025-10-28 10:32:09,sinemagrafik.com,iterative,192.35.51.30,TLD/AUTHORITATIVE,REFERRAL,180.89,-,N/A
2025-10-28 10:32:09,sinemagrafik.com,iterative,170.247.170.2,ROOT,REFERRAL,271.77,-,N/A
2025-10-28 10:32:09,sinemagrafik.com,iterative,192.5.6.30,TLD/AUTHORITATIVE,REFERRAL,159.49,-,N/A
2025-10-28 10:32:09,sinemagrafik.com,iterative,192.26.92.30,TLD/AUTHORITATIVE,REFERRAL,184.16,-,N/A
2025-10-28 10:32:09,sinemagrafik.com,iterative,192.12.94.30,TLD/AUTHORITATIVE,REFERRAL,183.48,-,N/A
2025-10-28 10:32:09,sinemagrafik.com,iterative,192.42.93.30,TLD/AUTHORITATIVE,NO_RESPONSE,timeout,-,N/A
2025-10-28 10:32:09,sinemagrafik.com,iterative,192.33.4.12,ROOT,REFERRAL,118.22,-,N/A
2025-10-28 10:32:09,sinemagrafik.com,iterative,192.55.83.30,TLD/AUTHORITATIVE,REFERRAL,180.00,-,N/A
2025-10-28 10:32:09,sinemagrafik.com,iterative,192.52.178.30,TLD/AUTHORITATIVE,REFERRAL,165.87,-,N/A
2025-10-28 10:32:09,sinemagrafik.com,iterative,192.43.172.30,TLD/AUTHORITATIVE,REFERRAL,186.94,-,N/A
2025-10-28 10:32:09,sinemagrafik.com,iterative,199.7.91.13,ROOT,REFERRAL,58.13,-,N/A
2025-10-28 10:32:09,sinemagrafik.com,iterative,192.203.230.10,ROOT,REFERRAL,71.92,-,N/A
2025-10-28 10:32:09,sinemagrafik.com,iterative,192.5.5.241,ROOT,NO_RESPONSE,timeout,-,N/A
2025-10-28 10:32:09,sinemagrafik.com,iterative,192.112.36.4,ROOT,REFERRAL,156.49,-,N/A
2025-10-28 10:32:09,sinemagrafik.com,iterative,198.97.190.53,ROOT,REFERRAL,310.18,-,N/A
2025-10-28 10:32:09,sinemagrafik.com,iterative,192.36.148.17,ROOT,REFERRAL,54.76,-,N/A
2025-10-28 10:32:09,sinemagrafik.com,iterative,192.58.128.30,ROOT,NO_RESPONSE,timeout,-,N/A
2025-10-28 10:32:09,sinemagrafik.com,iterative,193.0.14.129,ROOT,REFERRAL,56.68,-,N/A
2025-10-28 10:32:09,sinemagrafik.com,iterative,199.7.83.42,ROOT,NO_RESPONSE,timeout,-,N/A
2025-10-28 10:32:09,sinemagrafik.com,iterative,202.12.27.33,ROOT,REFERRAL,179.73,-,N/A
2025-10-28 10:32:31,itattoos.org,iterative,198.41.0.4,ROOT,REFERRAL,185.90,-,N/A
2025-10-28 10:32:31,itattoos.org,iterative,199.249.112.1,TLD/AUTHORITATIVE,REFERRAL,116.23,-,N/A
2025-10-28 10:32:31,itattoos.org,iterative,199.249.120.1,TLD/AUTHORITATIVE,REFERRAL,99.43,-,N/A
2025-10-28 10:32:31,itattoos.org,iterative,199.19.57.1,TLD/AUTHORITATIVE,REFERRAL,58.40,-,N/A
2025-10-28 10:32:31,itattoos.org,iterative,199.19.56.1,TLD/AUTHORITATIVE,REFERRAL,61.83,-,N/A
2025-10-28 10:32:31,itattoos.org,iterative,199.19.54.1,TLD/AUTHORITATIVE,REFERRAL,57.73,-,N/A
2025-10-28 10:32:31,itattoos.org,iterative,199.19.53.1,TLD/AUTHORITATIVE,REFERRAL,61.47,-,N/A
2025-10-28 10:32:31,itattoos.org,iterative,170.247.170.2,ROOT,REFERRAL,308.38,-,N/A
2025-10-28 10:32:31,itattoos.org,iterative,192.33.4.12,ROOT,REFERRAL,100.01,-,N/A
2025-10-28 10:32:31,itattoos.org,iterative,199.7.91.13,ROOT,REFERRAL,53.81,-,N/A
2025-10-28 10:32:31,itattoos.org,iterative,192.203.230.10,ROOT,REFERRAL,77.04,-,N/A
2025-10-28 10:32:31,itattoos.org,iterative,192.5.5.241,ROOT,NO_RESPONSE,timeout,-,N/A
2025-10-28 10:32:31,itattoos.org,iterative,192.112.36.4,ROOT,REFERRAL,207.20,-,N/A
2025-10-28 10:32:31,itattoos.org,iterative,198.97.190.53,ROOT,REFERRAL,322.38,-,N/A
2025-10-28 10:32:31,itattoos.org,iterative,192.36.148.17,ROOT,REFERRAL,102.67,-,N/A
2025-10-28 10:32:31,itattoos.org,iterative,192.58.128.30,ROOT,NO_RESPONSE,timeout,-,N/A
2025-10-28 10:32:31,itattoos.org,iterative,193.0.14.129,ROOT,REFERRAL,62.26,-,N/A
2025-10-28 10:32:31,itattoos.org,iterative,199.7.83.42,ROOT,NO_RESPONSE,timeout,-,N/A
2025-10-28 10:32:31,itattoos.org,iterative,202.12.27.33,ROOT,REFERRAL,185.50,-,N/A
2025-10-28 10:32:42,lgmonitorreview.nl,iterative,198.41.0.4,ROOT,REFERRAL,175.06,-,N/A
2025-10-28 10:32:42,lgmonitorreview.nl,iterative,194.0.25.24,TLD/AUTHORITATIVE,REFERRAL,50.74,-,N/A
2025-10-28 10:32:42,lgmonitorreview.nl,iterative,194.0.28.53,TLD/AUTHORITATIVE,REFERRAL,188.69,-,N/A
2025-10-28 10:32:42,lgmonitorreview.nl,iterative,185.159.199.200,TLD/AUTHORITATIVE,REFERRAL,106.79,-,N/A
2025-10-28 10:32:42,lgmonitorreview.nl,iterative,170.247.170.2,ROOT,REFERRAL,277.08,-,N/A
2025-10-28 10:32:42,lgmonitorreview.nl,iterative,192.33.4.12,ROOT,REFERRAL,136.94,-,N/A
2025-10-28 10:32:42,lgmonitorreview.nl,iterative,199.7.91.13,ROOT,REFERRAL,51.78,-,N/A
2025-10-28 10:32:42,lgmonitorreview.nl,iterative,192.203.230.10,ROOT,REFERRAL,79.88,-,N/A
2025-10-28 10:32:42,lgmonitorreview.nl,iterative,192.5.5.241,ROOT,NO_RESPONSE,timeout,-,N/A
2025-10-28 10:32:42,lgmonitorreview.nl,iterative,192.112.36.4,ROOT,REFERRAL,182.03,-,N/A
2025-10-28 10:32:42,lgmonitorreview.nl,iterative,198.97.190.53,ROOT,REFERRAL,303.66,-,N/A
2025-10-28 10:32:42,lgmonitorreview.nl,iterative,192.36.148.17,ROOT,REFERRAL,210.04,-,N/A
2025-10-28 10:32:42,lgmonitorreview.nl,iterative,192.58.128.30,ROOT,NO_RESPONSE,timeout,-,N/A
2025-10-28 10:32:42,lgmonitorreview.nl,iterative,193.0.14.129,ROOT,REFERRAL,78.85,-,N/A
2025-10-28 10:32:42,lgmonitorreview.nl,iterative,199.7.83.42,ROOT,NO_RESPONSE,timeout,-,N/A
2025-10-28 10:32:42,lgmonitorreview.nl,iterative,202.12.27.33,ROOT,REFERRAL,191.62,-,N/A
2025-10-28 10:32:53,sscw.ee,iterative,198.41.0.4,ROOT,REFERRAL,172.72,-,N/A
2025-10-28 10:32:53,sscw.ee,iterative,194.146.106.110,TLD/AUTHORITATIVE,REFERRAL,184.35,-,N/A
2025-10-28 10:32:53,sscw.ee,iterative,85.234.242.32,TLD/AUTHORITATIVE,ANSWER,231.01,588.47,N/A
2025-10-28 10:32:54,nucre.com,iterative,198.41.0.4,ROOT,REFERRAL,254.00,-,N/A
2025-10-28 10:32:54,nucre.com,iterative,192.41.162.30,TLD/AUTHORITATIVE,REFERRAL,172.15,-,N/A
2025-10-28 10:32:54,nucre.com,iterative,13.248.158.159,TLD/AUTHORITATIVE,NO_RESPONSE,timeout,-,N/A
2025-10-28 10:32:54,nucre.com,iterative,192.48.79.30,TLD/AUTHORITATIVE,REFERRAL,173.84,-,N/A
2025-10-28 10:32:54,nucre.com,iterative,192.54.112.30,TLD/AUTHORITATIVE,NO_RESPONSE,timeout,-,N/A
2025-10-28 10:32:54,nucre.com,iterative,192.31.80.30,TLD/AUTHORITATIVE,NO_RESPONSE,timeout,-,N/A
2025-10-28 10:32:54,nucre.com,iterative,192.33.14.30,TLD/AUTHORITATIVE,REFERRAL,284.77,-,N/A
2025-10-28 10:32:54,nucre.com,iterative,192.35.51.30,TLD/AUTHORITATIVE,REFERRAL,304.19,-,N/A
2025-10-28 10:32:54,nucre.com,iterative,170.247.170.2,ROOT,REFERRAL,272.30,-,N/A
2025-10-28 10:32:54,nucre.com,iterative,192.5.6.30,TLD/AUTHORITATIVE,NO_RESPONSE,timeout,-,N/A
2025-10-28 10:32:54,nucre.com,iterative,192.26.92.30,TLD/AUTHORITATIVE,REFERRAL,188.52,-,N/A
2025-10-28 10:32:54,nucre.com,iterative,192.12.94.30,TLD/AUTHORITATIVE,REFERRAL,187.41,-,N/A
2025-10-28 10:32:54,nucre.com,iterative,192.42.93.30,TLD/AUTHORITATIVE,NO_RESPONSE,timeout,-,N/A
2025-10-28 10:32:54,nucre.com,iterative,192.33.4.12,ROOT,REFERRAL,120.43,-,N/A
2025-10-28 10:32:54,nucre.com,iterative,192.55.83.30,TLD/AUTHORITATIVE,REFERRAL,234.46,-,N/A
2025-10-28 10:32:54,nucre.com,iterative,192.52.178.30,TLD/AUTHORITATIVE,REFERRAL,183.61,-,N/A
2025-10-28 10:32:54,nucre.com,iterative,192.43.172.30,TLD/AUTHORITATIVE,REFERRAL,191.55,-,N/A
2025-10-28 10:32:54,nucre.com,iterative,199.7.91.13,ROOT,REFERRAL,50.66,-,N/A
2025-10-28 10:32:54,nucre.com,iterative,192.203.230.10,ROOT,REFERRAL,82.19,-,N/A
2025-10-28 10:32:54,nucre.com,iterative,192.5.5.241,ROOT,NO_RESPONSE,timeout,-,N/A
2025-10-28 10:32:54,nucre.com,iterative,192.112.36.4,ROOT,REFERRAL,153.63,-,N/A
2025-10-28 10:32:54,nucre.com,iterative,198.97.190.53,ROOT,REFERRAL,291.61,-,N/A
2025-10-28 10:32:54,nucre.com,iterative,192.36.148.17,ROOT,REFERRAL,61.08,-,N/A
2025-10-28 10:32:54,nucre.com,iterative,192.58.128.30,ROOT,NO_RESPONSE,timeout,-,N/A
2025-10-28 10:32:54,nucre.com,iterative,193.0.14.129,ROOT,REFERRAL,83.12,-,N/A
2025-10-28 10:32:54,nucre.com,iterative,199.7.83.42,ROOT,NO_RESPONSE,timeout,-,N/A
2025-10-28 10:32:54,nucre.com,iterative,202.12.27.33,ROOT,REFERRAL,180.81,-,N/A
2025-10-28 10:33:24,cornesoft.com,iterative,198.41.0.4,ROOT,REFERRAL,154.95,-,N/A
2025-10-28 10:33:24,cornesoft.com,iterative,192.41.162.30,TLD/AUTHORITATIVE,REFERRAL,161.04,-,N/A
2025-10-28 10:33:24,cornesoft.com,iterative,192.48.79.30,TLD/AUTHORITATIVE,REFERRAL,159.91,-,N/A
2025-10-28 10:33:24,cornesoft.com,iterative,192.54.112.30,TLD/AUTHORITATIVE,NO_RESPONSE,timeout,-,N/A
2025-10-28 10:33:24,cornesoft.com,iterative,192.31.80.30,TLD/AUTHORITATIVE,NO_RESPONSE,timeout,-,N/A
2025-10-28 10:33:24,cornesoft.com,iterative,192.33.14.30,TLD/AUTHORITATIVE,REFERRAL,279.85,-,N/A
2025-10-28 10:33:24,cornesoft.com,iterative,192.35.51.30,TLD/AUTHORITATIVE,REFERRAL,193.23,-,N/A
2025-10-28 10:33:24,cornesoft.com,iterative,170.247.170.2,ROOT,REFERRAL,280.87,-,N/A
2025-10-28 10:33:24,cornesoft.com,iterative,192.5.6.30,TLD/AUTHORITATIVE,REFERRAL,152.57,-,N/A
2025-10-28 10:33:24,cornesoft.com,iterative,192.26.92.30,TLD/AUTHORITATIVE,REFERRAL,195.60,-,N/A
2025-10-28 10:33:24,cornesoft.com,iterative,192.12.94.30,TLD/AUTHORITATIVE,REFERRAL,182.28,-,N/A
2025-10-28 10:33:24,cornesoft.com,iterative,192.42.93.30,TLD/AUTHORITATIVE,NO_RESPONSE,timeout,-,N/A
2025-10-28 10:33:24,cornesoft.com,iterative,192.33.4.12,ROOT,REFERRAL,108.76,-,N/A
2025-10-28 10:33:24,cornesoft.com,iterative,192.55.83.30,TLD/AUTHORITATIVE,REFERRAL,156.04,-,N/A
2025-10-28 10:33:24,cornesoft.com,iterative,192.52.178.30,TLD/AUTHORITATIVE,REFERRAL,174.22,-,N/A
2025-10-28 10:33:24,cornesoft.com,iterative,192.43.172.30,TLD/AUTHORITATIVE,REFERRAL,178.29,-,N/A
2025-10-28 10:33:24,cornesoft.com,iterative,199.7.91.13,ROOT,REFERRAL,50.83,-,N/A
2025-10-28 10:33:24,cornesoft.com,iterative,192.203.230.10,ROOT,REFERRAL,63.67,-,N/A
2025-10-28 10:33:24,cornesoft.com,iterative,192.5.5.241,ROOT,NO_RESPONSE,timeout,-,N/A
2025-10-28 10:33:24,cornesoft.com,iterative,192.112.36.4,ROOT,REFERRAL,179.81,-,N/A
2025-10-28 10:33:24,cornesoft.com,iterative,198.97.190.53,ROOT,REFERRAL,306.24,-,N/A
2025-10-28 10:33:24,cornesoft.com,iterative,192.36.148.17,ROOT,REFERRAL,60.34,-,N/A
2025-10-28 10:33:24,cornesoft.com,iterative,192.58.128.30,ROOT,NO_RESPONSE,timeout,-,N/A
2025-10-28 10:33:24,cornesoft.com,iterative,193.0.14.129,ROOT,REFERRAL,62.03,-,N/A
2025-10-28 10:33:24,cornesoft.com,iterative,199.7.83.42,ROOT,NO_RESPONSE,timeout,-,N/A
2025-10-28 10:33:24,cornesoft.com,iterative,202.12.27.33,ROOT,REFERRAL,180.12,-,N/A
2025-10-28 10:33:46,mattselznick.com,iterative,198.41.0.4,ROOT,REFERRAL,161.77,-,N/A
2025-10-28 10:33:46,mattselznick.com,iterative,192.41.162.30,TLD/AUTHORITATIVE,REFERRAL,161.22,-,N/A
2025-10-28 10:33:46,mattselznick.com,iterative,162.159.26.14,TLD/AUTHORITATIVE,ANSWER,316.71,640.12,N/A
2025-10-28 10:33:46,horn-elektronik.com,iterative,198.41.0.4,ROOT,REFERRAL,148.63,-,N/A
2025-10-28 10:33:46,horn-elektronik.com,iterative,192.41.162.30,TLD/AUTHORITATIVE,REFERRAL,170.21,-,N/A
2025-10-28 10:33:46,horn-elektronik.com,iterative,92.43.119.9,TLD/AUTHORITATIVE,ANSWER,191.90,915.03,N/A
2025-10-28 10:33:47,rousing.dk,iterative,198.41.0.4,ROOT,REFERRAL,161.57,-,N/A
2025-10-28 10:33:47,rousing.dk,iterative,193.163.102.222,TLD/AUTHORITATIVE,REFERRAL,263.79,-,N/A
2025-10-28 10:33:47,rousing.dk,iterative,91.197.248.66,TLD/AUTHORITATIVE,ANSWER,178.25,604.01,N/A
2025-10-28 10:33:48,i12.de,iterative,198.41.0.4,ROOT,REFERRAL,162.69,-,N/A
2025-10-28 10:33:48,i12.de,iterative,194.0.0.53,TLD/AUTHORITATIVE,REFERRAL,177.53,-,N/A
2025-10-28 10:33:48,i12.de,iterative,205.251.192.131,TLD/AUTHORITATIVE,REFERRAL,52.20,-,N/A
2025-10-28 10:33:48,i12.de,iterative,77.67.63.105,TLD/AUTHORITATIVE,REFERRAL,171.56,-,N/A
2025-10-28 10:33:48,i12.de,iterative,195.243.137.26,TLD/AUTHORITATIVE,REFERRAL,255.04,-,N/A
2025-10-28 10:33:48,i12.de,iterative,81.91.164.5,TLD/AUTHORITATIVE,REFERRAL,230.53,-,N/A
2025-10-28 10:33:48,i12.de,iterative,194.246.96.1,TLD/AUTHORITATIVE,REFERRAL,177.83,-,N/A
2025-10-28 10:33:48,i12.de,iterative,205.251.194.12,TLD/AUTHORITATIVE,REFERRAL,39.69,-,N/A
2025-10-28 10:33:48,i12.de,iterative,194.146.107.6,TLD/AUTHORITATIVE,REFERRAL,176.58,-,N/A
2025-10-28 10:33:48,i12.de,iterative,170.247.170.2,ROOT,REFERRAL,280.95,-,N/A
2025-10-28 10:33:48,i12.de,iterative,192.33.4.12,ROOT,REFERRAL,118.66,-,N/A
2025-10-28 10:33:48,i12.de,iterative,199.7.91.13,ROOT,REFERRAL,48.86,-,N/A
2025-10-28 10:33:48,i12.de,iterative,192.203.230.10,ROOT,REFERRAL,62.17,-,N/A
2025-10-28 10:33:48,i12.de,iterative,192.5.5.241,ROOT,NO_RESPONSE,timeout,-,N/A
2025-10-28 10:33:48,i12.de,iterative,192.112.36.4,ROOT,REFERRAL,208.76,-,N/A
2025-10-28 10:33:48,i12.de,iterative,198.97.190.53,ROOT,REFERRAL,316.47,-,N/A
2025-10-28 10:33:48,i12.de,iterative,192.36.148.17,ROOT,REFERRAL,122.11,-,N/A
2025-10-28 10:33:48,i12.de,iterative,192.58.128.30,ROOT,NO_RESPONSE,timeout,-,N/A
2025-10-28 10:33:48,i12.de,iterative,193.0.14.129,ROOT,REFERRAL,60.56,-,N/A
2025-10-28 10:33:48,i12.de,iterative,199.7.83.42,ROOT,NO_RESPONSE,timeout,-,N/A
2025-10-28 10:33:48,i12.de,iterative,202.12.27.33,ROOT,REFERRAL,192.87,-,N/A
2025-10-28 10:34:02,casco.com,iterative,198.41.0.4,ROOT,REFERRAL,192.31,-,N/A
2025-10-28 10:34:02,casco.com,iterative,192.41.162.30,TLD/AUTHORITATIVE,REFERRAL,183.19,-,N/A
2025-10-28 10:34:02,casco.com,iterative,205.251.193.164,TLD/AUTHORITATIVE,ANSWER,52.19,428.21,N/A
2025-10-28 10:34:03,ambassadorsspfhf.org,iterative,198.41.0.4,ROOT,REFERRAL,180.38,-,N/A
2025-10-28 10:34:03,ambassadorsspfhf.org,iterative,199.249.112.1,TLD/AUTHORITATIVE,REFERRAL,136.27,-,N/A
2025-10-28 10:34:03,ambassadorsspfhf.org,iterative,199.249.120.1,TLD/AUTHORITATIVE,REFERRAL,115.46,-,N/A
2025-10-28 10:34:03,ambassadorsspfhf.org,iterative,199.19.57.1,TLD/AUTHORITATIVE,REFERRAL,140.01,-,N/A
2025-10-28 10:34:03,ambassadorsspfhf.org,iterative,199.19.56.1,TLD/AUTHORITATIVE,REFERRAL,100.32,-,N/A
2025-10-28 10:34:03,ambassadorsspfhf.org,iterative,199.19.54.1,TLD/AUTHORITATIVE,REFERRAL,167.47,-,N/A
2025-10-28 10:34:03,ambassadorsspfhf.org,iterative,199.19.53.1,TLD/AUTHORITATIVE,REFERRAL,99.55,-,N/A
2025-10-28 10:34:03,ambassadorsspfhf.org,iterative,170.247.170.2,ROOT,REFERRAL,292.32,-,N/A
2025-10-28 10:34:03,ambassadorsspfhf.org,iterative,192.33.4.12,ROOT,REFERRAL,98.23,-,N/A
2025-10-28 10:34:03,ambassadorsspfhf.org,iterative,199.7.91.13,ROOT,REFERRAL,57.37,-,N/A
2025-10-28 10:34:03,ambassadorsspfhf.org,iterative,192.203.230.10,ROOT,REFERRAL,85.33,-,N/A
2025-10-28 10:34:03,ambassadorsspfhf.org,iterative,192.5.5.241,ROOT,NO_RESPONSE,timeout,-,N/A
2025-10-28 10:34:03,ambassadorsspfhf.org,iterative,192.112.36.4,ROOT,REFERRAL,152.71,-,N/A
2025-10-28 10:34:03,ambassadorsspfhf.org,iterative,198.97.190.53,ROOT,REFERRAL,299.61,-,N/A
2025-10-28 10:34:03,ambassadorsspfhf.org,iterative,192.36.148.17,ROOT,REFERRAL,80.40,-,N/A
2025-10-28 10:34:03,ambassadorsspfhf.org,iterative,192.58.128.30,ROOT,NO_RESPONSE,timeout,-,N/A
2025-10-28 10:34:03,ambassadorsspfhf.org,iterative,193.0.14.129,ROOT,REFERRAL,131.40,-,N/A
2025-10-28 10:34:03,ambassadorsspfhf.org,iterative,199.7.83.42,ROOT,NO_RESPONSE,timeout,-,N/A
2025-10-28 10:34:03,ambassadorsspfhf.org,iterative,202.12.27.33,ROOT,REFERRAL,180.40,-,N/A
2025-10-28 10:34:14,capella.edu,iterative,198.41.0.4,ROOT,REFERRAL,163.53,-,N/A
2025-10-28 10:34:14,capella.edu,iterative,192.31.80.30,TLD/AUTHORITATIVE,NO_RESPONSE,timeout,-,N/A
2025-10-28 10:34:14,capella.edu,iterative,192.33.14.30,TLD/AUTHORITATIVE,REFERRAL,274.79,-,N/A
2025-10-28 10:34:14,capella.edu,iterative,173.245.59.250,TLD/AUTHORITATIVE,ANSWER,78.65,3925.19,N/A
2025-10-28 10:34:18,nipslab.org,iterative,198.41.0.4,ROOT,REFERRAL,161.65,-,N/A
2025-10-28 10:34:18,nipslab.org,iterative,199.249.112.1,TLD/AUTHORITATIVE,REFERRAL,97.34,-,N/A
2025-10-28 10:34:18,nipslab.org,iterative,94.177.210.13,TLD/AUTHORITATIVE,ANSWER,188.41,1493.21,N/A
2025-10-28 10:34:19,webxtrap.com,iterative,198.41.0.4,ROOT,REFERRAL,156.33,-,N/A
2025-10-28 10:34:19,webxtrap.com,iterative,192.41.162.30,TLD/AUTHORITATIVE,REFERRAL,170.98,-,N/A
2025-10-28 10:34:19,webxtrap.com,iterative,109.201.142.225,TLD/AUTHORITATIVE,ANSWER,178.06,505.92,N/A
2025-10-28 10:34:20,stopallthathating.com,iterative,198.41.0.4,ROOT,REFERRAL,175.81,-,N/A
2025-10-28 10:34:20,stopallthathating.com,iterative,192.41.162.30,TLD/AUTHORITATIVE,REFERRAL,177.68,-,N/A
2025-10-28 10:34:20,stopallthathating.com,iterative,192.48.79.30,TLD/AUTHORITATIVE,REFERRAL,177.07,-,N/A
2025-10-28 10:34:20,stopallthathating.com,iterative,192.54.112.30,TLD/AUTHORITATIVE,NO_RESPONSE,timeout,-,N/A
2025-10-28 10:34:20,stopallthathating.com,iterative,192.31.80.30,TLD/AUTHORITATIVE,NO_RESPONSE,timeout,-,N/A
2025-10-28 10:34:20,stopallthathating.com,iterative,192.33.14.30,TLD/AUTHORITATIVE,REFERRAL,277.48,-,N/A
2025-10-28 10:34:20,stopallthathating.com,iterative,192.35.51.30,TLD/AUTHORITATIVE,REFERRAL,179.76,-,N/A
2025-10-28 10:34:20,stopallthathating.com,iterative,170.247.170.2,ROOT,REFERRAL,274.18,-,N/A
2025-10-28 10:34:20,stopallthathating.com,iterative,192.5.6.30,TLD/AUTHORITATIVE,REFERRAL,100.78,-,N/A
2025-10-28 10:34:20,stopallthathating.com,iterative,192.26.92.30,TLD/AUTHORITATIVE,REFERRAL,185.06,-,N/A
2025-10-28 10:34:20,stopallthathating.com,iterative,192.12.94.30,TLD/AUTHORITATIVE,REFERRAL,177.62,-,N/A
2025-10-28 10:34:20,stopallthathating.com,iterative,192.33.4.12,ROOT,REFERRAL,89.40,-,N/A
2025-10-28 10:34:20,stopallthathating.com,iterative,192.55.83.30,TLD/AUTHORITATIVE,REFERRAL,168.99,-,N/A
2025-10-28 10:34:20,stopallthathating.com,iterative,192.52.178.30,TLD/AUTHORITATIVE,REFERRAL,186.07,-,N/A
2025-10-28 10:34:20,stopallthathating.com,iterative,192.43.172.30,TLD/AUTHORITATIVE,REFERRAL,175.77,-,N/A
2025-10-28 10:34:20,stopallthathating.com,iterative,192.42.93.30,TLD/AUTHORITATIVE,NO_RESPONSE,timeout,-,N/A
2025-10-28 10:34:20,stopallthathating.com,iterative,199.7.91.13,ROOT,REFERRAL,58.57,-,N/A
2025-10-28 10:34:20,stopallthathating.com,iterative,192.203.230.10,ROOT,REFERRAL,78.57,-,N/A
2025-10-28 10:34:20,stopallthathating.com,iterative,192.5.5.241,ROOT,NO_RESPONSE,timeout,-,N/A
2025-10-28 10:34:20,stopallthathating.com,iterative,192.112.36.4,ROOT,REFERRAL,226.42,-,N/A
2025-10-28 10:34:20,stopallthathating.com,iterative,198.97.190.53,ROOT,REFERRAL,305.69,-,N/A
2025-10-28 10:34:20,stopallthathating.com,iterative,192.36.148.17,ROOT,REFERRAL,88.30,-,N/A
2025-10-28 10:34:20,stopallthathating.com,iterative,192.58.128.30,ROOT,NO_RESPONSE,timeout,-,N/A
2025-10-28 10:34:20,stopallthathating.com,iterative,193.0.14.129,ROOT,REFERRAL,100.45,-,N/A
2025-10-28 10:34:20,stopallthathating.com,iterative,199.7.83.42,ROOT,NO_RESPONSE,timeout,-,N/A
2025-10-28 10:34:20,stopallthathating.com,iterative,202.12.27.33,ROOT,REFERRAL,173.56,-,N/A
2025-10-28 10:34:41,ovtoc.com,iterative,198.41.0.4,ROOT,REFERRAL,170.62,-,N/A
2025-10-28 10:34:41,ovtoc.com,iterative,192.41.162.30,TLD/AUTHORITATIVE,REFERRAL,166.53,-,N/A
2025-10-28 10:34:41,ovtoc.com,iterative,91.195.241.8,TLD/AUTHORITATIVE,ANSWER,171.24,508.94,N/A
2025-10-28 10:34:42,vaco.ru,iterative,198.41.0.4,ROOT,REFERRAL,154.61,-,N/A
2025-10-28 10:34:42,vaco.ru,iterative,193.232.128.6,TLD/AUTHORITATIVE,REFERRAL,233.64,-,N/A
2025-10-28 10:34:42,vaco.ru,iterative,81.88.208.202,TLD/AUTHORITATIVE,ANSWER,210.77,1125.99,N/A
2025-10-28 10:34:43,ku.edu,iterative,198.41.0.4,ROOT,REFERRAL,158.06,-,N/A
2025-10-28 10:34:43,ku.edu,iterative,192.31.80.30,TLD/AUTHORITATIVE,NO_RESPONSE,timeout,-,N/A
2025-10-28 10:34:43,ku.edu,iterative,192.33.14.30,TLD/AUTHORITATIVE,REFERRAL,285.53,-,N/A
2025-10-28 10:34:43,ku.edu,iterative,129.237.14.1,TLD/AUTHORITATIVE,ANSWER,277.27,3724.73,N/A
2025-10-28 10:34:47,amedeos.net,iterative,198.41.0.4,ROOT,REFERRAL,174.81,-,N/A
2025-10-28 10:34:47,amedeos.net,iterative,192.55.83.30,TLD/AUTHORITATIVE,REFERRAL,169.74,-,N/A
2025-10-28 10:34:47,amedeos.net,iterative,97.74.102.13,TLD/AUTHORITATIVE,ANSWER,184.35,1052.45,N/A
2025-10-28 10:34:48,thankfullyyours.com,iterative,198.41.0.4,ROOT,REFERRAL,157.80,-,N/A
2025-10-28 10:34:48,thankfullyyours.com,iterative,192.41.162.30,TLD/AUTHORITATIVE,REFERRAL,179.96,-,N/A
2025-10-28 10:34:48,thankfullyyours.com,iterative,97.74.106.7,TLD/AUTHORITATIVE,ANSWER,192.77,530.93,N/A
